3024,2019-04-29,
,13:06:20,0
,13:33:38,-2
,14:31:41,2
,15:26:33,3
,16:30:42,3
,18:40:41,4
,20:05:21,4
,21:53:01,4
3029,2019-04-29,
,13:48:57,2
,15:31:52,-1
3025,2019-04-29,
,13:54:47,1
3028,2019-04-29,
,14:19:59,2
,20:48:07,5
3027,2019-04-29,
,14:20:14,-3
,15:14:33,1
,16:03:38,-2
,16:59:39,-6
,18:41:10,2
,19:17:53,5
,20:14:34,-7
,22:44:39,1
3012,2019-04-29,
,15:00:22,3
,17:41:20,2
,18:19:40,3
,18:50:21,3
,19:36:35,-6
,20:01:11,-3
,21:03:00,-3
,21:46:08,4
3014,2019-04-29,
,16:24:11,2
3019,2019-04-30,
,8:43:42,1
,12:02:11,-3
,12:12:01,0
,12:58:54,0
,13:42:04,0
,14:40:16,-1
,15:21:08,-1
,15:57:46,-2
,16:37:21,-1
,17:30:24,-1
,18:01:42,-5
,18:49:33,0
,20:19:02,2
,20:22:37,1
3029,2019-04-30,
,9:09:42,-2
,10:25:01,0
,12:01:17,1
,12:14:24,1
,13:23:45,3
,14:20:36,-2
,15:09:50,-3
,16:03:23,-3
,16:43:52,1
,17:24:50,-3
,18:11:15,0
,19:44:50,-5
,19:58:12,2
3005,2019-04-30,
,9:59:32,5
,11:18:50,1
,14:28:33,5
,15:12:40,1
,15:54:30,5
,17:25:15,6
,18:02:29,8
,18:54:32,5
,21:39:12,3
,21:53:18,3
3025,2019-04-30,
,10:01:12,5
,10:26:59,2
,11:11:55,-1
,12:01:51,-1
,12:52:55,7
,13:36:45,2
,14:22:40,3
,15:11:49,4
,15:53:33,4
,16:41:53,-3
,17:22:09,2
,18:03:02,0
,19:40:01,8
,21:15:42,4
,21:57:27,3
3022,2019-04-30,
,10:03:28,0
,11:08:29,4
,12:12:30,2
,13:00:43,2
,14:01:22,1
,15:14:20,2
,15:54:12,2
,15:56:20,1
,17:27:27,2
,18:11:23,-3
,18:59:19,2
,19:40:39,-6
,22:00:57,0
3024,2019-04-30,
,10:05:31,1
,10:05:32,1
,11:09:22,2
,12:47:40,0
,15:12:21,0
,15:57:52,3
,17:40:11,-1
,18:09:54,-2
,18:49:28,1
,19:41:24,-2
,21:07:23,3
,21:14:58,-4
,21:52:44,-2
3027,2019-04-30,
,10:07:36,-4
,10:39:33,3
,11:25:23,0
,12:10:24,1
,15:22:36,1
,15:57:35,-6
,16:53:30,-3
,17:48:55,-1
,19:00:05,1
,20:25:12,5
,21:10:06,-1
,21:50:40,2
3008,2019-04-30,
,10:13:46,-1
,12:12:34,3
,12:54:24,0
,14:29:59,1
,15:10:24,0
,15:55:30,-1
,16:38:25,1
,17:18:27,-2
,18:52:24,0
,20:28:22,-1
,21:14:54,0
,21:52:51,-6
3028,2019-04-30,
,10:23:53,-2
,11:18:30,-2
,14:20:19,1
,14:30:12,-1
,17:00:14,6
,18:12:29,-4
,18:59:43,4
,19:39:37,-1
,22:01:48,4
3017,2019-04-30,
,10:26:45,-4
,12:34:29,-1
,13:47:33,1
,15:47:17,4
,17:03:22,1
,17:53:15,3
,19:35:41,2
,21:14:27,-4
,22:12:47,0
3010,2019-04-30,
,10:29:37,3
,10:42:35,0
,11:25:24,0
,12:10:03,6
,13:37:36,5
,14:29:48,4
,15:12:47,4
,15:57:32,5
,16:40:11,-1
,18:15:19,0
,18:51:35,5
,19:39:59,4
,20:24:34,-2
,21:10:39,-2
3015,2019-04-30,
,10:37:00,0
,11:56:09,3
,11:56:09,3
,12:47:45,-2
,14:18:51,-1
,15:55:30,-4
,19:06:25,0
,19:44:25,0
,20:55:26,-7
,22:03:22,-7
3012,2019-04-30,
,10:51:24,2
,11:23:19,3
,11:57:07,2
,12:56:14,5
,14:47:03,5
,15:36:09,2
,16:12:16,2
,16:42:37,4
,17:06:29,5
,17:24:29,5
,18:11:20,-2
,21:12:51,-4
3021,2019-04-30,
,10:55:29,2
,12:01:00,1
,13:40:41,2
,16:24:44,-4
,18:30:49,4
,19:13:54,0
,21:21:37,-3
3014,2019-04-30,
,10:56:50,-6
,11:51:10,-5
,13:08:30,-3
,13:43:30,4
,14:30:25,1
,15:10:26,-6
,16:41:41,-1
,17:59:14,3
,19:16:57,-1
,19:41:58,-3
3030,2019-04-30,
,11:01:19,0
,11:01:20,0
,11:53:07,-3
,13:35:18,2
,15:57:00,-2
,16:40:52,1
,17:57:06,1
,19:56:01,0
,21:42:53,3
3001,2019-04-30,
,11:23:28,4
,12:29:56,4
,14:24:38,-1
,14:24:38,-1
,15:36:33,2
,17:20:09,1
,20:11:29,2
,22:16:20,0
,22:35:12,1
,23:08:03,1
,23:35:27,0
3018,2019-04-30,
,11:34:21,-1
,12:41:36,0
,13:40:13,-5
,14:25:25,1
,15:14:56,-1
,15:55:08,-2
,16:44:58,-3
,17:25:14,4
,18:05:21,8
,18:59:59,4
,19:39:26,-6
,20:20:21,-8
,20:20:21,-8
,21:05:21,-9
,21:55:14,0
3009,2019-04-30,
,11:50:51,2
,12:48:36,3
,14:15:57,-2
,14:32:06,0
,16:49:39,2
,17:49:00,5
,18:09:31,0
,19:56:13,-4
,20:51:12,-5
,21:12:31,-2
3013,2019-04-30,
,12:05:09,0
,13:04:43,-1
,16:26:52,1
,16:26:52,1
,16:39:33,1
,17:22:56,-5
,18:41:21,1
,19:36:47,0
,21:37:58,2
,21:58:38,1
,22:35:06,5
,23:08:41,-3
,23:49:04,1
3007,2019-04-30,
,12:17:37,6
,13:47:24,-4
,14:25:32,-9
,17:46:03,-2
,21:40:01,-2
,21:53:43,3
,22:22:38,0
,23:04:14,0
3002,2019-04-30,
,12:46:38,2
,13:34:00,0
,13:34:00,0
,14:23:44,4
,15:10:35,5
,15:51:40,0
,16:43:58,0
,18:19:34,1
,20:26:35,-1
,21:02:44,3
3016,2019-04-30,
,12:56:32,0
,13:37:43,-1
,14:18:38,0
,15:14:36,0
,15:57:36,4
,16:37:33,5
,17:28:09,2
,18:13:23,0
,18:55:44,2
,19:37:09,2
3023,2019-04-30,
,14:14:51,2
,14:29:10,3
,16:45:07,4
,16:45:26,1
,17:31:32,0
,18:52:39,1
,18:53:12,-1
,20:23:05,2
,22:07:14,1
,23:56:25,3
3003,2019-04-30,
,14:31:34,4
,15:10:09,3
,16:00:47,5
,21:11:17,4
,22:10:24,2
3011,2019-04-30,
,14:40:31,1
,18:16:49,4
,18:16:51,4
,19:44:45,2
,20:38:26,0
,21:38:59,1
,22:19:45,1
3007,2019-05-01,
,0:21:59,-4
,10:05:07,-9
,10:05:08,-9
,12:29:42,0
,17:29:28,-6
,19:42:09,-2
,20:54:27,-7
,21:10:24,-2
,21:50:43,-7
3023,2019-05-01,
,2:04:30,0
,12:54:15,-1
,15:21:03,1
,16:37:24,-3
,18:08:59,1
,19:42:32,5
,21:14:51,3
,21:59:01,3
3013,2019-05-01,
,8:33:11,2
,9:44:33,-3
,10:23:38,-1
,11:14:40,0
,11:59:07,3
,13:00:07,6
,13:42:26,3
,14:27:35,-2
,15:57:17,-2
,16:41:17,-2
,17:18:13,2
,18:05:41,3
,19:22:42,-2
,20:07:24,-2
,21:42:53,1
,22:41:19,3
3019,2019-05-01,
,9:17:50,1
,10:26:43,4
,10:58:25,4
,11:53:53,3
,12:47:03,2
,12:59:28,2
,13:40:19,2
,14:36:45,2
,15:12:45,-1
,16:51:50,1
,17:24:57,2
,18:14:25,-1
,18:54:25,1
,21:02:21,2
3041,2019-05-01,
,10:04:03,-5
,10:18:59,3
,10:30:08,5
,11:26:31,-3
,13:00:57,-2
,14:31:22,3
,15:11:33,-4
,16:42:57,-6
,17:22:19,-6
,18:08:00,2
,18:59:11,6
,19:46:01,0
3025,2019-05-01,
,10:04:21,5
,10:06:02,4
,11:30:53,6
,12:16:52,4
,12:53:24,1
,13:45:00,2
,14:29:53,1
,16:18:34,-2
,16:45:09,0
,17:25:01,3
,18:15:09,5
,18:56:23,4
,19:45:08,2
,21:08:11,2
,21:32:31,5
,21:59:51,2
3024,2019-05-01,
,10:09:17,0
,10:09:18,0
,11:24:23,0
,12:11:49,1
,14:16:27,0
,16:00:33,1
,16:36:07,0
,17:28:45,-1
,18:08:36,1
,21:03:47,0
,21:56:43,-6
3029,2019-05-01,
,10:11:20,0
,13:10:45,-1
,13:22:19,1
,13:49:00,1
,14:28:18,1
,15:09:59,-3
,15:54:17,0
,16:25:49,-3
,16:42:29,0
,19:41:34,2
,20:20:15,-1
,21:02:15,1
,21:15:55,-2
3002,2019-05-01,
,10:12:58,-4
,10:21:23,3
,12:12:02,1
,13:41:04,-6
,15:11:59,-5
,15:51:27,-1
,16:43:56,-3
,17:39:01,3
,18:56:50,3
,20:33:59,2
,21:16:26,-2
3003,2019-05-01,
,10:15:33,-2
,11:07:52,2
,12:37:36,-1
,13:32:24,1
,19:02:38,-2
,21:17:22,5
3015,2019-05-01,
,10:15:37,-4
,11:02:50,0
,11:17:41,5
,12:26:54,0
,13:59:16,0
,14:23:38,2
,15:41:53,-1
,16:40:21,0
,17:22:15,4
,18:18:35,1
,19:00:08,1
,21:14:13,3
,21:56:59,-1
3001,2019-05-01,
,10:19:10,3
,11:08:03,-2
,11:32:46,-1
,13:50:24,-1
,14:18:15,1
,15:18:33,0
,17:58:51,3
,18:28:41,1
,19:21:14,1
,19:36:36,-1
3028,2019-05-01,
,10:23:16,0
,11:26:32,-2
,11:48:15,2
,13:26:44,-4
,14:06:34,3
,15:56:49,-5
,17:22:22,2
,18:11:15,4
,18:44:32,4
,19:38:26,5
,20:32:58,1
,21:05:26,1
,21:50:06,1
3021,2019-05-01,
,10:25:13,0
,12:13:41,-5
,13:37:05,0
,14:17:55,-3
,17:49:01,-3
,18:45:03,3
,19:44:33,4
,21:33:34,-2
,22:02:30,0
3005,2019-05-01,
,10:31:26,-1
,11:15:49,3
,12:01:48,6
,12:51:56,1
,13:36:37,1
,14:16:21,3
,15:06:33,4
,15:55:40,5
,16:45:16,5
,17:25:51,6
,18:12:24,6
,18:52:29,5
,20:48:18,3
,21:06:18,3
,21:55:13,4
3011,2019-05-01,
,10:33:58,-1
,12:41:58,4
,14:44:16,1
,15:37:21,-2
,17:41:34,-3
,19:28:40,-1
,21:03:24,0
,21:56:55,0
3014,2019-05-01,
,10:39:39,-3
,11:27:36,0
,12:09:23,-4
,12:54:55,-2
,13:41:36,3
,14:24:25,2
,16:10:39,7
,16:39:16,2
,18:23:16,3
,18:55:27,-6
3018,2019-05-01,
,10:39:58,-2
,11:20:21,0
,12:59:58,-2
,13:40:20,5
,14:29:56,-8
,15:14:58,-3
,15:59:53,-6
,16:39:48,0
,17:19:19,-2
,18:07:14,0
,18:59:46,0
,20:24:24,-1
,21:08:18,-2
,21:48:11,0
3009,2019-05-01,
,10:43:41,-2
,11:25:24,-2
,12:13:15,5
,12:59:07,4
,14:22:41,-3
,15:35:43,-2
,15:49:52,-1
,16:39:26,-3
,17:29:45,-1
,18:14:19,3
,19:01:22,3
,19:43:37,6
,20:28:56,4
3008,2019-05-01,
,10:43:44,-3
,11:27:43,-3
,13:02:11,-2
,14:29:35,-3
,15:12:21,-6
,18:10:39,-4
,18:58:12,-1
,20:31:32,-7
,21:59:12,-9
3022,2019-05-01,
,10:44:20,-1
,11:24:43,2
,14:21:28,-3
,14:27:39,-1
,15:14:17,2
,16:43:01,-4
,18:11:55,4
,18:53:18,2
3010,2019-05-01,
,10:56:44,-4
,11:24:22,-3
,12:13:46,3
,15:15:05,4
,16:00:06,3
,16:38:56,2
,17:21:02,3
,18:49:59,6
,20:30:00,3
,21:14:56,3
,22:03:16,4
,23:45:26,4
3030,2019-05-01,
,11:02:17,2
,12:59:19,2
,14:29:18,3
,17:39:41,2
,18:09:01,2
,19:48:10,1
,21:12:11,3
,21:50:11,6
3027,2019-05-01,
,11:04:50,2
,12:52:30,2
,14:00:47,0
,14:20:14,3
,15:04:30,-2
,15:56:54,3
,16:40:22,-9
,17:27:37,2
,18:14:37,2
,21:07:52,2
,21:52:28,-2
3012,2019-05-01,
,11:25:43,0
,12:43:09,4
,13:00:50,-4
,13:28:21,-5
,14:00:22,-4
,14:27:24,0
,15:07:48,-4
,18:58:56,7
,20:18:05,-6
,21:00:42,-5
3016,2019-05-01,
,12:56:41,0
,13:43:48,-1
,14:27:29,1
,15:05:14,5
,16:30:51,-6
,18:57:02,1
,20:20:41,4
,21:51:40,0
3017,2019-05-01,
,14:00:18,3
,15:56:05,1
,17:12:31,2
,17:53:53,0
,19:36:30,-1
,23:08:13,3
3017,2019-05-02,
,0:20:35,2
,0:54:14,5
,13:41:05,3
,15:18:08,2
,16:12:05,1
,17:18:30,3
,19:48:02,-2
,21:11:07,-2
,22:07:38,3
,23:29:34,-2
3009,2019-05-02,
,0:26:49,2
,0:26:50,2
,10:36:00,-3
,12:15:17,2
,14:43:07,6
,15:27:55,5
,15:53:55,4
,16:39:30,3
,17:15:42,1
,18:02:24,1
,18:51:35,3
,19:33:52,1
,19:33:52,1
,19:38:34,0
,20:30:51,-2
,20:50:30,-2
,21:55:46,-1
3023,2019-05-02,
,1:47:38,2
,11:24:54,0
,13:03:40,-1
,13:43:10,-2
,14:26:38,1
,16:44:48,0
,18:55:09,0
3013,2019-05-02,
,7:57:49,5
,8:59:30,5
,10:08:05,-5
,13:00:17,2
,14:03:27,3
,16:25:16,-1
,19:17:31,-1
,19:56:50,-3
,21:28:38,2
,22:31:17,-1
3019,2019-05-02,
,9:53:05,-2
,12:51:20,-1
,13:13:04,-1
,14:44:59,-6
,15:52:12,-2
,16:38:23,-1
,17:18:24,-1
,18:31:46,0
,18:53:42,-2
,18:53:42,-2
,19:55:46,-2
,20:45:24,-1
3022,2019-05-02,
,10:02:18,2
,12:09:47,2
,12:48:05,3
,13:35:36,-3
,14:28:04,2
,15:08:03,-3
,16:00:49,1
,18:17:57,-4
,18:59:18,1
,20:21:18,1
,21:13:22,-2
3011,2019-05-02,
,10:08:44,1
,11:11:11,1
,12:33:49,-3
,13:43:36,1
,14:30:31,-2
,18:16:14,2
,19:42:21,-3
,22:30:22,-2
3008,2019-05-02,
,10:10:14,-4
,11:25:14,-4
,12:12:19,-6
,13:01:12,-4
,13:43:03,-4
,14:25:14,-3
,15:13:39,-2
,15:59:15,-2
,16:44:02,-1
,17:25:02,1
,18:10:23,-1
,21:59:14,2
3025,2019-05-02,
,10:12:04,3
,11:15:01,2
,12:05:40,3
,12:45:11,2
,13:39:59,2
,14:25:12,1
,15:15:11,4
,16:00:01,2
,16:45:12,3
,17:24:23,1
,18:10:02,2
,18:49:52,5
,19:43:35,3
,20:29:59,0
3012,2019-05-02,
,10:13:49,-2
,11:24:36,0
,12:31:07,8
,13:05:57,5
,13:41:59,4
,13:59:51,3
,17:00:29,-6
,17:25:13,-1
,18:01:00,0
3010,2019-05-02,
,10:15:27,4
,11:00:12,3
,12:16:35,3
,13:00:02,3
,13:40:23,3
,14:30:17,0
,15:15:03,0
,15:59:51,0
,17:15:28,3
,17:32:29,4
,18:12:19,-3
,18:55:46,1
,20:27:18,-3
3027,2019-05-02,
,10:16:30,2
,11:27:30,-8
,12:12:25,4
,12:52:20,2
,13:33:26,2
,14:27:30,4
,15:08:51,-6
,16:38:14,6
,17:22:26,3
,18:07:45,3
,18:57:26,5
,19:42:39,5
,21:12:33,1
,21:52:21,2
3041,2019-05-02,
,10:17:32,-3
,11:14:23,3
,12:57:21,3
,14:24:50,0
,15:50:47,2
,16:36:34,0
,17:17:03,-8
,18:13:00,3
,19:36:26,-2
,21:03:26,-8
,21:47:26,-9
,21:47:26,-9
3024,2019-05-02,
,10:20:23,1
,11:23:56,2
,12:18:45,-1
,13:44:01,2
,15:09:33,3
,15:54:01,-3
,17:18:50,-3
,17:18:51,-3
,18:13:33,1
,19:17:42,5
,20:27:31,3
,21:20:19,1
3005,2019-05-02,
,10:22:57,2
,13:32:46,-2
,13:36:23,-3
,14:26:19,1
,15:12:05,4
,15:55:32,4
,16:41:35,4
,17:28:08,3
,18:59:49,5
,21:17:15,-3
,21:56:46,4
3030,2019-05-02,
,10:23:51,1
,11:41:29,3
,14:24:56,5
,17:36:28,1
,17:36:28,1
,18:14:54,2
,18:14:54,2
,19:36:22,1
,20:55:52,0
,21:00:22,0
,21:46:53,0
3018,2019-05-02,
,10:32:13,2
,11:30:10,1
,12:14:57,-3
,12:53:25,0
,13:44:53,-2
,14:32:51,0
,15:10:33,0
,15:54:57,2
,16:40:09,-6
,16:40:09,-6
,17:25:19,7
,18:10:38,0
,18:59:53,-1
,19:44:53,-9
,21:55:48,0
3021,2019-05-02,
,10:33:11,-2
,11:44:55,0
,11:44:55,0
,12:48:51,-2
,13:26:43,-6
,14:23:26,-2
,18:46:04,-8
,19:59:52,-1
,19:59:52,-1
,21:14:50,-5
,21:14:50,-5
,22:02:04,0
3015,2019-05-02,
,10:50:49,-3
,10:50:50,-3
,11:55:17,0
,12:59:20,1
,14:18:57,-1
,14:25:49,0
,15:09:35,0
,15:28:22,-4
,17:50:23,1
,18:07:50,1
,18:51:31,-3
,19:51:53,-1
,20:57:50,-4
,21:51:04,5
3002,2019-05-02,
,12:14:46,0
,13:00:56,0
,13:40:47,-1
,14:31:19,-1
,15:07:25,2
,15:58:53,2
,17:26:53,5
,17:26:53,5
,18:13:44,0
,18:52:24,5
,19:42:17,3
,20:25:36,3
,20:25:36,3
,21:07:28,1
,22:00:57,3
3016,2019-05-02,
,12:36:49,-1
,13:04:41,2
,14:22:41,0
,15:12:34,4
,15:56:11,4
,16:40:41,5
,17:28:44,4
,18:14:27,3
,18:54:47,7
,19:44:09,2
,20:29:12,0
,21:59:53,3
3028,2019-05-02,
,12:51:18,3
,13:00:59,-4
,13:42:20,2
,14:25:50,-5
,15:06:43,1
,16:40:22,2
,18:08:09,0
,20:09:17,1
,20:17:17,6
,21:07:20,2
,21:52:31,1
3029,2019-05-02,
,12:54:18,2
,13:31:25,-2
,13:45:35,-2
,14:28:29,-1
,15:15:44,-2
,15:59:17,0
,17:27:00,0
,17:27:00,0
,18:12:12,1
,18:12:12,1
,19:45:45,-2
,20:23:23,0
,21:16:22,1
,21:53:16,2
3003,2019-05-02,
,12:57:27,2
,13:52:14,-1
,14:28:32,-4
,15:22:01,-4
,15:59:36,2
,16:45:00,3
,17:27:29,3
,18:13:13,3
,22:33:33,2
3007,2019-05-02,
,12:58:37,-1
,14:32:03,5
,15:59:04,-4
,17:53:34,0
,20:03:08,1
,20:17:57,-2
,23:13:35,-2
3001,2019-05-02,
,16:34:40,0
,17:40:35,0
,18:18:36,0
,19:26:45,1
,20:57:24,1
,21:28:52,1
,23:53:00,0
3001,2019-05-03,
,0:22:59,0
,3:33:20,-1
,15:22:37,0
,17:21:24,0
,18:23:20,0
,19:31:29,1
,19:56:46,0
,20:42:50,1
,21:57:45,1
3017,2019-05-03,
,0:26:26,-1
,1:10:47,-5
,14:00:41,-4
,15:13:40,-2
,16:17:07,-1
,17:11:22,0
,19:02:43,-5
,21:14:56,-2
,23:46:06,0
3023,2019-05-03,
,1:27:54,4
,12:51:25,-5
,12:57:10,-3
,14:16:26,4
,14:25:03,0
,15:49:15,0
,16:46:31,0
,18:54:52,0
3019,2019-05-03,
,8:14:46,0
,11:09:44,-2
,11:21:41,-2
,12:03:13,0
,12:44:45,0
,12:48:37,-1
,13:28:34,0
,13:42:22,0
,15:51:01,-1
,17:46:58,-1
,18:37:45,-2
,19:54:29,0
,21:42:13,-2
3025,2019-05-03,
,8:15:17,5
,9:45:33,3
,10:41:36,2
,11:30:04,-3
,11:55:53,-3
,13:40:16,1
,14:07:32,3
,14:26:59,2
,14:59:10,-2
,15:14:19,-3
,15:55:40,-3
,16:43:26,3
,17:30:00,-5
,19:00:33,2
,19:40:01,3
,20:20:21,4
,21:03:29,3
,21:49:55,5
3013,2019-05-03,
,9:19:39,2
,10:28:45,-1
,11:21:21,0
,12:45:55,3
,14:44:43,4
,16:32:50,7
,18:53:33,4
,19:31:01,5
3030,2019-05-03,
,10:03:57,1
,10:57:56,2
,12:51:00,2
,13:34:32,4
,13:36:21,1
,15:52:31,1
,16:40:20,-1
,17:32:59,2
,18:13:12,2
,19:41:24,2
,21:08:56,4
,21:37:19,0
3041,2019-05-03,
,10:07:00,-7
,11:05:45,-8
,13:45:52,-4
,15:55:51,0
,17:31:39,4
,19:03:08,-9
,21:03:33,-3
,21:10:50,-9
,23:37:06,-9
3015,2019-05-03,
,10:07:23,-1
,11:13:34,-3
,12:04:54,0
,12:14:28,-2
,12:57:30,-2
,14:46:06,3
,15:45:27,0
,15:52:12,-5
,17:15:20,0
,17:15:20,0
,17:24:05,-5
,18:07:05,2
,18:48:01,3
,18:52:00,1
,20:03:14,0
,20:03:15,0
,21:36:34,4
,22:52:16,2
3005,2019-05-03,
,10:17:28,3
,12:04:21,5
,15:13:49,2
,15:52:51,4
,16:47:54,4
,17:29:27,5
,18:10:03,1
,19:48:08,4
,20:27:13,4
,22:01:31,4
3012,2019-05-03,
,10:23:55,2
,10:23:56,2
,12:00:56,3
,15:27:39,-1
,16:00:20,0
,16:13:18,-2
,16:13:18,-2
,17:00:18,0
,18:15:14,0
,19:00:19,3
3018,2019-05-03,
,10:25:14,3
,11:09:51,0
,12:05:33,6
,12:51:53,5
,13:40:29,6
,15:08:04,5
,15:48:28,2
,16:36:17,6
,17:25:23,6
,18:15:27,6
,19:42:54,6
,20:32:18,0
,21:56:29,0
3024,2019-05-03,
,10:30:48,4
,12:05:46,2
,12:47:30,1
,13:28:47,2
,14:11:33,1
,16:32:04,0
,18:47:21,0
,19:37:13,3
,20:25:31,2
,22:51:33,3
3029,2019-05-03,
,10:50:06,0
,11:13:25,1
,12:00:22,-1
,14:28:07,-2
,15:01:59,-3
,17:22:32,0
,18:09:43,-1
,18:23:33,1
,18:59:27,0
,19:40:58,2
,20:25:10,0
,21:13:18,2
,21:24:15,2
3028,2019-05-03,
,10:52:19,2
,11:25:43,4
,12:14:42,3
,15:39:41,0
,15:47:18,4
,16:44:36,4
,17:32:34,5
,18:18:46,6
,19:43:57,6
,20:22:16,4
,21:16:43,6
3016,2019-05-03,
,11:09:55,-1
,11:27:20,-4
,12:09:18,5
,13:43:37,3
,13:43:38,3
,14:30:41,5
,15:15:32,0
,15:59:45,-1
,16:41:33,-3
,18:05:22,4
,18:51:20,-7
,20:29:03,6
,21:12:59,3
,22:01:53,5
3027,2019-05-03,
,11:26:00,4
,12:10:18,-1
,12:52:25,1
,13:42:56,2
,14:29:44,2
,15:17:17,2
,16:09:14,-7
,16:36:21,4
,17:22:18,0
,18:07:42,-4
,18:57:40,-8
,19:42:43,0
3010,2019-05-03,
,11:56:23,3
,12:13:33,3
,12:55:25,2
,13:44:55,2
,14:27:18,3
,15:59:22,-2
,16:42:25,1
,17:27:51,-2
,18:06:16,1
,18:55:27,-2
,19:43:47,-2
,20:25:37,3
3009,2019-05-03,
,12:00:21,1
,12:40:27,2
,13:24:49,1
,15:00:53,2
,16:48:18,-1
,17:25:34,-3
,18:10:12,0
,18:59:28,-1
,19:47:13,0
,21:58:28,-4
,23:04:55,0
3022,2019-05-03,
,12:03:18,4
,12:03:18,4
,12:52:56,2
,12:52:56,2
,14:24:13,-8
,14:24:13,-8
,15:11:20,-3
,15:11:20,-3
,15:54:15,2
,16:34:14,3
,17:14:15,4
,17:56:23,4
,19:43:10,4
3007,2019-05-03,
,12:17:52,1
,12:57:43,2
,13:40:00,0
,14:28:52,4
,14:28:52,4
,14:28:53,4
,15:10:19,0
,17:24:33,2
,18:01:51,2
,21:13:40,-2
3021,2019-05-03,
,12:20:44,-4
,13:51:41,-1
,16:25:00,-7
,19:00:19,-4
,19:52:07,-6
,19:52:07,-6
,21:04:30,-4
,22:03:17,-7
3008,2019-05-03,
,12:52:05,4
,13:31:23,2
,14:16:38,3
,15:07:21,3
,17:23:27,3
,21:09:49,-1
3002,2019-05-03,
,12:57:58,4
,12:57:58,4
,13:49:14,5
,14:26:13,2
,15:06:49,1
,15:06:49,1
,17:22:09,4
,17:23:16,3
,18:59:19,3
,19:39:22,3
,20:26:49,3
,21:14:39,-2
,22:13:07,3
3003,2019-05-03,
,13:12:30,-2
,13:45:30,1
,15:04:25,4
,15:49:58,4
,16:05:19,3
,17:09:26,1
,18:06:08,4
,19:39:03,4
,21:10:55,3
,21:40:30,3
3011,2019-05-03,
,14:14:58,-8
,15:26:19,4
,16:32:43,0
,17:28:06,3
,18:48:12,1
,19:35:02,1
,20:26:16,3
3013,2019-05-04,
,0:00:15,-1
,0:40:24,3
,10:07:23,6
,10:40:47,6
,11:30:04,8
,12:51:49,5
,14:34:31,-1
,16:03:06,2
,17:26:20,1
,18:52:18,7
,20:23:07,6
,21:05:32,1
,22:01:43,-2
,22:50:42,-1
3017,2019-05-04,
,0:50:54,4
,1:17:09,4
,15:32:17,1
,16:19:24,2
,17:19:01,3
,19:02:48,3
,20:32:00,4
,21:57:45,1
,23:22:01,-1
3001,2019-05-04,
,0:59:09,-1
,8:38:24,0
,9:44:45,1
,11:55:51,0
,13:40:50,0
,14:25:29,-1
,15:05:19,2
,17:23:54,2
,19:05:08,2
,19:40:07,1
,21:39:49,0
3025,2019-05-04,
,9:05:39,4
,10:04:13,-5
,10:59:53,2
,12:01:38,-3
,13:09:25,4
,14:17:18,3
,15:11:24,4
,15:59:38,-3
,17:32:20,1
,18:15:46,2
,18:55:44,3
,19:41:28,3
,20:59:55,3
,21:47:20,-3
,22:09:42,0
3018,2019-05-04,
,10:07:07,0
,11:19:13,-3
,12:57:24,4
,13:41:45,2
,14:22:12,4
,16:41:41,2
,18:54:18,0
,19:43:13,1
,20:26:47,0
,21:56:44,4
3008,2019-05-04,
,10:19:25,-2
,11:24:05,-1
,12:08:20,2
,13:43:37,2
,14:28:19,0
,15:18:31,-2
,17:27:13,3
,18:10:39,-1
,19:38:21,1
,20:33:14,-1
3022,2019-05-04,
,10:19:58,3
,11:02:58,0
,12:03:08,-1
,12:43:17,3
,13:37:56,1
,14:23:10,3
,15:57:58,4
,16:42:57,2
,17:28:00,3
,18:09:22,2
,18:54:29,4
,19:38:25,4
,20:29:14,7
,21:12:56,2
3009,2019-05-04,
,10:26:29,4
,11:11:20,2
,12:01:46,2
,12:47:48,0
,13:40:13,1
,14:26:21,2
,17:33:21,2
,17:58:52,-1
,18:49:30,0
,19:34:39,3
,20:22:45,2
,21:08:08,3
,21:49:02,1
,23:10:10,3
3019,2019-05-04,
,10:42:01,0
,11:18:57,-2
,11:54:24,-1
,12:40:25,-2
,13:40:34,-1
,13:55:58,-1
,14:41:52,-1
,15:40:47,-1
,16:31:56,-1
,17:23:14,-1
,17:48:54,0
,18:29:41,3
,20:19:10,0
3024,2019-05-04,
,10:52:49,-2
,12:17:10,2
,13:12:10,2
,15:15:56,5
,16:59:37,2
,19:06:37,-2
,20:44:47,0
,21:25:21,0
,21:59:09,2
3021,2019-05-04,
,10:55:09,-4
,12:54:40,-3
,12:54:40,-3
,15:03:42,-4
,16:19:57,-7
,18:32:43,-8
,19:17:44,-3
,19:17:44,-3
,21:16:14,-6
,22:07:32,1
3010,2019-05-04,
,10:59:51,2
,11:48:46,3
,12:39:48,2
,13:21:27,4
,14:25:36,2
,16:42:30,5
,17:30:08,4
,18:15:24,4
,19:39:59,4
,20:20:14,-2
,21:06:38,3
3041,2019-05-04,
,11:03:33,-3
,13:43:55,3
,14:26:25,3
,15:10:50,-1
,16:43:30,5
,18:12:00,6
,18:59:26,8
,20:30:54,4
,21:55:48,6
3015,2019-05-04,
,11:13:17,-3
,12:00:36,-5
,12:34:11,-5
,15:01:07,-1
,15:35:39,-4
,15:49:41,-5
,16:21:26,-5
,16:56:55,-3
,17:23:26,-4
,17:23:27,-4
,17:59:35,-2
,18:37:54,2
,18:58:58,-2
,20:35:10,1
,20:35:10,1
,21:15:41,-4
,21:39:17,-4
,22:23:27,-3
,22:31:31,0
,22:52:06,-1
,23:08:38,-1
,23:26:18,1
3002,2019-05-04,
,11:47:18,-2
,12:32:24,4
,14:25:49,1
,15:15:50,3
,15:54:49,0
,16:41:41,4
,17:20:22,3
,18:18:33,2
,19:03:52,-1
,19:40:50,-1
,20:24:30,0
,21:05:53,-5
,22:01:01,3
,23:47:17,0
3012,2019-05-04,
,12:00:30,2
,13:10:25,0
,17:00:24,0
,17:26:21,1
,18:30:17,1
,19:42:14,1
,20:00:17,-1
,20:27:01,2
,21:00:36,2
,21:40:19,2
3029,2019-05-04,
,12:13:16,1
,12:58:13,-1
,13:38:31,-2
,13:38:31,-2
,14:56:52,1
,16:40:33,2
,18:12:09,0
,20:29:10,2
,21:17:23,1
,21:55:10,1
3030,2019-05-04,
,12:47:29,4
,12:51:10,3
,13:55:59,1
,15:09:41,1
,15:54:55,-1
,16:35:41,2
,19:39:45,-2
,20:22:46,-3
,20:22:46,-3
,21:06:48,-1
3005,2019-05-04,
,13:03:28,4
,13:42:51,7
,14:28:43,-3
,15:18:47,5
,15:59:39,6
,17:25:22,4
,18:05:25,5
,18:54:59,5
,19:36:17,4
,21:13:36,2
,21:57:27,4
3023,2019-05-04,
,13:36:45,-4
,13:46:28,-5
,14:27:13,2
,15:59:21,0
,20:32:00,0
3016,2019-05-04,
,13:37:23,2
,14:28:29,-4
,15:11:22,2
,19:06:53,5
,19:43:24,4
,21:11:54,4
,22:57:18,5
3003,2019-05-04,
,13:41:33,4
,14:19:55,2
,14:53:03,6
,15:47:13,4
,16:30:13,4
,17:17:29,5
,18:08:55,5
,18:55:13,7
,20:05:48,7
,20:32:55,4
3027,2019-05-04,
,14:14:36,1
,15:08:03,-2
,15:52:50,-2
,16:35:09,-1
,17:21:09,0
,18:02:26,2
,18:57:21,3
,19:37:18,3
,20:21:12,-4
,21:14:02,1
3007,2019-05-04,
,14:20:48,2
,14:20:50,2
,16:02:03,2
,16:02:07,2
,16:02:08,2
,16:39:59,1
,18:39:39,2
,19:09:23,1
,19:09:23,1
,19:40:03,0
,22:00:49,1
3011,2019-05-04,
,15:03:08,2
,16:22:32,2
,20:16:31,0
,21:22:09,3
,22:29:00,2
,23:01:46,4
3028,2019-05-04,
,16:52:13,1
,18:57:07,-1
,19:19:52,3
,19:33:31,6
,20:24:42,3
,20:26:30,3
,21:18:27,4
,21:57:44,6
3041,2019-05-05,
,0:04:50,8
,0:48:26,5
,12:54:32,2
,13:38:28,3
,14:20:37,-5
,16:17:31,3
,18:11:09,5
,19:00:42,4
,19:40:24,3
,20:21:51,4
,20:24:00,0
,21:57:28,2
3017,2019-05-05,
,1:17:00,4
,2:15:06,1
,3:28:24,-1
,14:26:28,1
,16:43:33,3
,17:21:28,2
,18:17:48,2
3025,2019-05-05,
,9:55:01,-3
,10:24:17,2
,10:41:19,4
,11:47:57,5
,12:14:26,4
,13:00:45,0
,13:41:16,3
,14:30:03,2
,15:10:08,2
,15:49:54,0
,16:33:26,0
,17:19:59,4
,18:59:56,0
,19:38:22,4
,20:50:20,5
,21:11:10,1
,21:59:57,1
3005,2019-05-05,
,10:10:47,3
,11:07:13,6
,12:39:38,7
,13:27:59,5
,16:39:30,4
,17:24:47,7
,18:14:17,4
,19:47:09,4
,19:47:10,4
,20:30:39,5
,21:06:16,5
,21:52:37,5
3010,2019-05-05,
,10:16:45,4
,11:12:21,2
,12:02:28,4
,12:55:04,3
,15:56:10,1
,16:39:47,4
,17:19:57,5
,18:50:07,5
,20:31:21,4
,21:14:51,4
3015,2019-05-05,
,10:18:50,-1
,10:18:50,-1
,10:56:49,-2
,11:26:32,0
,12:57:22,2
,14:04:07,-1
,14:04:08,-1
,14:30:40,0
,15:13:36,-1
,15:57:59,-1
,16:32:07,0
,16:41:01,-2
,17:25:38,-2
,18:39:19,1
,19:24:46,-3
,20:17:16,2
,21:47:45,-1
,22:16:52,-1
3013,2019-05-05,
,10:31:49,1
,11:09:19,0
,11:59:25,2
,12:42:25,2
,13:29:18,5
,15:02:21,4
,15:54:23,2
,17:04:43,4
,18:22:48,0
,19:47:39,1
,20:25:22,0
,22:14:34,2
,23:00:35,0
3012,2019-05-05,
,10:42:15,4
,11:32:20,1
,12:12:16,1
,12:45:42,-2
,13:38:18,1
,14:20:56,2
,14:20:56,2
,15:02:12,-1
,15:57:36,3
,17:00:21,-9
,18:51:47,-3
,19:42:17,-1
,19:49:04,2
,20:25:41,3
,21:05:12,3
,21:46:12,-4
3008,2019-05-05,
,10:50:11,1
,12:54:15,-1
,17:07:48,0
,17:17:19,-2
,18:54:11,-1
,19:28:56,0
,19:33:17,-1
,20:23:15,0
,21:13:17,-3
,21:59:17,-2
3001,2019-05-05,
,10:59:05,1
,11:33:23,0
,12:25:05,-1
,16:43:00,0
,17:37:25,-1
,20:08:34,1
,20:32:56,1
,21:18:43,-1
,21:49:43,0
,23:17:24,1
3009,2019-05-05,
,11:00:25,1
,12:12:52,4
,12:58:19,4
,13:45:46,3
,14:28:07,5
,15:08:41,1
,16:48:31,3
,17:22:38,4
,18:02:15,4
,18:50:31,1
,19:46:00,2
,20:25:26,3
,21:04:44,2
,21:55:18,2
3007,2019-05-05,
,11:00:50,1
,11:00:51,1
,11:00:53,1
,11:00:54,1
,12:01:03,1
,12:58:36,-1
,14:21:59,-8
,18:42:02,0
,22:27:33,-5
,23:01:43,-5
3027,2019-05-05,
,11:02:15,2
,12:09:17,3
,12:54:35,3
,13:41:01,-1
,14:24:14,7
,15:07:25,2
,16:02:20,4
,16:38:15,4
,19:28:33,3
,19:37:12,1
,20:27:14,2
,21:07:16,-1
3021,2019-05-05,
,11:40:46,-3
,13:32:44,2
,18:34:56,-3
,19:40:11,-4
3019,2019-05-05,
,11:40:51,-1
,12:17:39,1
,13:08:25,-2
,13:51:15,-2
,14:25:18,1
,15:14:28,2
,15:57:23,2
,16:37:21,1
,17:18:46,-2
,18:02:23,2
,19:02:20,-1
3018,2019-05-05,
,11:50:17,-2
,13:08:07,4
,13:43:13,3
,14:28:49,3
,15:10:10,3
,15:56:46,2
,16:46:45,1
,17:31:46,-3
,17:31:47,-3
,18:12:25,2
,18:58:36,-3
,19:41:45,1
,20:24:57,6
,21:11:46,6
3028,2019-05-05,
,11:52:31,3
,12:10:33,1
,13:38:24,3
,15:07:30,0
,15:32:51,-4
,15:55:24,1
,17:16:03,-1
,17:22:29,-1
,18:58:01,-1
,19:41:38,1
,20:22:50,-4
,20:33:08,-4
,21:02:59,-5
,21:57:53,-7
,22:40:55,-4
3030,2019-05-05,
,12:01:13,-5
,13:43:21,1
,14:28:51,3
,14:28:51,3
,14:29:07,2
,15:07:55,2
,16:47:07,1
,18:35:35,2
,18:54:06,2
,18:54:06,2
,20:19:02,2
,20:31:23,1
,21:08:37,-4
,22:07:30,-2
,22:28:27,3
3022,2019-05-05,
,12:03:19,1
,12:55:16,3
,13:41:17,3
,14:32:58,8
,16:00:25,4
,18:03:41,2
,19:43:37,7
,19:43:37,7
,21:12:53,7
,21:12:53,7
3002,2019-05-05,
,12:20:59,0
,13:03:50,-2
,15:06:22,-2
,17:27:45,0
,18:50:59,3
,20:31:00,1
,21:11:31,2
,21:56:47,3
3024,2019-05-05,
,12:53:27,1
,13:39:08,0
,14:49:37,-3
,16:28:10,3
,17:29:54,2
,18:46:24,1
,19:38:15,-1
,20:25:50,0
,21:05:57,-1
,23:12:07,1
3016,2019-05-05,
,12:59:42,2
,13:38:15,4
,14:20:18,4
,14:57:35,3
,15:47:29,1
,16:36:03,2
,16:36:03,2
,17:19:32,4
,17:57:33,7
,18:49:23,7
,19:32:07,7
,20:31:23,6
,21:13:25,7
,22:01:30,7
,22:31:18,7
,23:04:16,9
3029,2019-05-05,
,13:02:11,0
,13:41:07,0
,14:29:02,0
,15:18:28,0
,16:40:36,0
,17:22:11,0
3023,2019-05-05,
,15:54:40,-2
,17:26:21,-1
,18:12:49,-1
,19:39:53,-4
,19:39:54,-4
,21:15:28,1
3011,2019-05-05,
,16:28:06,3
,17:35:17,3
,19:37:56,1
,20:45:53,-1
,21:43:23,-5
,23:10:51,-1
3003,2019-05-05,
,16:43:47,6
,19:10:15,6
,19:47:37,3
,20:28:02,6
,21:14:16,4
,21:58:12,4
3017,2019-05-06,
,0:07:42,5
,0:53:52,3
,1:46:24,4
,2:53:33,-1
,4:00:28,2
,14:30:36,3
,17:20:32,3
,18:53:29,3
,20:10:31,3
,22:20:21,3
,23:01:43,4
3021,2019-05-06,
,9:04:07,-8
,9:22:49,-6
,9:22:49,-6
,11:22:36,-6
,12:57:24,0
,15:04:16,-5
,15:44:35,-2
,18:50:38,-6
,18:50:38,-6
,19:52:04,0
,19:52:04,0
,21:47:06,-2
3025,2019-05-06,
,10:08:05,5
,11:09:59,2
,12:03:40,7
,12:51:28,2
,14:01:04,6
,14:23:16,2
,15:01:16,3
,15:53:17,4
,16:38:21,3
,17:46:08,1
,19:00:15,2
,20:05:25,5
,20:54:18,4
,21:45:43,2
3008,2019-05-06,
,10:11:24,-4
,10:51:43,-1
,11:58:19,-2
,13:27:19,-2
,14:19:15,-4
,15:13:32,-3
,15:57:14,-2
,16:41:20,-3
,17:24:23,0
,18:11:19,0
,18:11:44,-1
,18:55:21,-2
,20:27:15,-3
,21:14:03,-1
,21:56:00,0
3013,2019-05-06,
,10:31:14,-1
,11:22:02,0
,12:11:21,-1
,12:59:45,0
,13:54:33,2
,15:10:19,-1
,16:03:59,-2
,16:45:21,0
,19:38:20,0
,20:23:47,1
,21:08:14,0
,22:59:50,-1
3001,2019-05-06,
,10:49:35,3
,12:03:14,1
,13:06:18,0
,13:44:22,-1
,14:29:01,-1
,15:17:12,-1
,15:54:41,-1
,18:10:19,0
3019,2019-05-06,
,11:14:36,0
,12:12:08,-1
,13:26:59,-2
,15:14:15,-1
,15:54:22,0
,16:46:10,-2
,17:26:15,-1
,18:08:21,-2
,18:48:26,-1
,19:51:35,0
,20:25:21,-4
,21:07:24,0
3023,2019-05-06,
,11:17:59,-1
,13:00:39,1
,13:41:59,5
,14:25:25,0
,15:57:41,1
,18:09:39,1
,18:09:39,1
,19:40:52,0
3018,2019-05-06,
,11:18:20,3
,12:02:05,6
,12:49:58,4
,13:37:46,4
,15:17:12,3
,15:55:14,4
,16:47:05,2
,17:32:03,6
,18:52:03,2
,18:52:03,2
,20:19:17,2
,21:14:41,-2
,21:56:57,-5
3015,2019-05-06,
,11:21:01,-2
,12:04:10,0
,12:39:28,0
,12:58:37,-1
,13:25:29,0
,13:41:46,-2
,14:12:01,-1
,14:25:13,-1
,14:59:09,-2
,15:12:48,-1
,15:55:27,0
,16:20:39,-1
,16:20:39,-1
,16:44:14,-2
,17:29:40,-1
,18:36:10,-2
,19:18:10,0
,19:18:10,0
,19:39:21,-2
,20:30:36,0
,21:51:58,-2
,22:00:33,0
3012,2019-05-06,
,11:25:19,-1
,12:00:13,0
,14:00:23,6
,14:21:10,0
,14:59:00,1
,15:58:04,1
,16:39:24,1
,18:44:12,0
,21:00:17,2
,21:41:01,1
3010,2019-05-06,
,11:52:59,4
,12:40:17,3
,14:13:22,3
,15:00:20,2
,16:44:55,2
,17:24:07,2
,18:12:43,2
,18:54:22,2
,19:36:51,-2
,20:25:08,-3
,21:08:20,-1
,21:53:25,-2
3007,2019-05-06,
,12:02:38,-6
,13:42:15,2
,15:09:49,0
,15:09:52,0
,15:09:52,0
,15:49:38,3
,16:33:44,-2
,19:32:20,3
3022,2019-05-06,
,12:09:43,-1
,13:43:27,8
,15:13:10,5
,15:58:01,-2
,16:44:39,7
,17:28:40,0
,21:12:56,8
3030,2019-05-06,
,12:17:05,3
,12:46:32,1
,13:34:41,3
,14:24:08,3
,15:51:18,2
,17:23:51,2
,18:14:12,4
,18:58:39,3
,20:27:22,4
,21:11:47,2
,22:01:20,0
3029,2019-05-06,
,13:03:16,0
,13:03:16,0
,15:06:13,0
,15:50:22,2
,16:55:49,-1
,17:46:13,-1
,18:13:33,0
,18:57:11,1
,19:37:14,1
,20:27:26,1
,21:08:16,1
,21:57:12,0
3005,2019-05-06,
,13:39:13,3
,17:29:53,5
,18:11:13,6
,18:51:31,7
,19:42:41,7
,20:33:25,6
,21:14:00,7
3027,2019-05-06,
,13:42:23,1
,14:23:14,-1
,15:03:13,-4
,15:57:48,2
,16:40:17,0
,17:22:13,-4
,18:13:14,-7
,19:42:42,-6
,20:35:35,-2
,21:12:10,-5
,21:57:35,-9
3016,2019-05-06,
,13:44:21,2
,15:09:19,5
,15:53:31,2
,16:36:56,-4
,18:10:48,6
,18:10:48,6
,18:50:55,5
,20:22:59,3
,21:04:47,0
,22:45:57,5
3024,2019-05-06,
,14:00:23,-4
,14:29:18,-3
,15:11:46,-1
,17:25:27,2
,18:45:35,-1
,18:59:29,-1
,19:53:27,1
,21:14:44,0
,22:14:15,0
3041,2019-05-06,
,14:37:35,-5
,15:09:04,3
,15:55:56,-1
,16:31:43,-4
,19:02:13,-1
,19:43:21,1
,21:11:41,-3
3028,2019-05-06,
,15:04:39,-1
3009,2019-05-06,
,15:43:47,-2
,15:56:56,2
,16:34:51,2
,17:21:36,2
,17:29:26,0
,17:55:33,0
,18:59:53,3
,19:44:15,3
,20:28:35,3
,21:09:24,1
,21:43:27,-1
,21:54:30,0
3003,2019-05-06,
,15:53:53,1
3002,2019-05-06,
,16:45:26,1
,17:30:59,0
,18:09:25,0
,18:57:38,-1
,19:40:19,-1
,20:30:56,1
,21:54:19,-2
3011,2019-05-06,
,18:16:26,-3
709,2019-05-07,
,12:22:21,-2
,12:53:41,-1
,16:02:03,1
,16:43:26,2
,19:00:10,2
,20:27:31,2
702,2019-05-07,
,12:44:33,0
,13:35:16,2
,14:22:04,0
,16:38:38,-1
,17:25:29,3
,18:53:21,0
,19:43:31,1
,20:28:23,2
,21:05:59,0
708,2019-05-07,
,12:44:53,-1
,13:34:42,0
,15:14:11,4
,16:42:01,3
,18:15:31,3
,19:40:56,0
,20:31:31,-3
,21:08:35,-4
,21:58:40,-2
705,2019-05-07,
,12:45:20,1
,13:43:53,3
,14:22:40,-1
,16:51:42,-1
,21:57:11,5
706,2019-05-07,
,12:49:46,0
,13:40:58,0
,14:22:35,2
,15:14:39,1
,16:37:24,3
,17:28:21,4
,19:40:18,3
,20:22:21,2
701,2019-05-07,
,12:53:31,0
,13:37:45,4
,15:16:24,4
,15:57:38,-1
,17:26:18,-6
,18:56:24,-2
703,2019-05-07,
,13:14:13,4
,13:38:49,4
,15:50:55,7
,18:08:41,5
,18:50:26,5
,19:44:40,-1
,21:53:57,6
704,2019-05-07,
,15:14:52,3
,18:09:33,3
719,2019-05-07,
,16:42:29,3
,17:30:14,6
,18:13:19,1
,18:56:14,3
716,2019-05-07,
,16:45:41,3
,20:25:07,0
,21:07:47,-5
710,2019-05-07,
,16:56:16,0
,17:26:28,2
,18:08:14,0
,20:24:37,4
,21:09:47,0
,21:49:56,1
726,2019-05-07,
,18:06:53,-2
714,2019-05-07,
,18:07:49,4
722,2019-05-07,
,18:52:09,-2
729,2019-05-07,
,18:56:04,-2
724,2019-05-07,
,18:58:04,5
723,2019-05-07,
,18:59:19,1
,20:27:45,0
727,2019-05-07,
,19:33:11,-1
,20:29:11,2
,21:08:53,4
725,2019-05-07,
,20:28:33,0
715,2019-05-07,
,21:10:45,5
717,2019-05-07,
,22:06:13,3
718,2019-05-08,
,8:37:10,-3
,10:00:36,1
,10:00:36,1
,11:09:20,-2
,12:42:01,2
,15:59:55,5
,16:42:24,-1
,20:25:33,2
,22:20:53,1
714,2019-05-08,
,9:02:34,3
,10:07:00,2
,11:02:09,0
,11:48:37,4
,13:02:40,0
,13:30:42,3
,14:00:50,1
,16:25:37,3
,17:05:13,4
,18:11:01,3
,19:17:51,6
,21:04:40,6
,22:10:14,6
,22:57:25,2
719,2019-05-08,
,9:09:48,4
,10:13:10,3
,10:41:14,3
,11:24:43,2
,12:10:15,6
,12:57:10,2
,13:38:10,4
,14:25:57,4
,15:15:15,2
,15:58:15,4
,16:39:11,3
,17:25:11,-1
,18:11:02,2
,18:50:21,6
,19:44:45,3
,21:15:59,4
,22:00:55,1
710,2019-05-08,
,9:25:29,0
,10:40:26,2
,12:10:13,0
,12:55:48,0
,14:27:27,2
,15:08:23,2
,17:18:25,1
,18:49:49,3
,19:29:50,2
,20:12:12,0
,22:36:38,2
706,2019-05-08,
,9:43:58,2
,10:32:09,1
,11:16:57,3
,12:14:39,1
,13:37:28,3
,14:32:26,1
,15:13:12,3
,15:59:45,3
,16:41:50,1
,19:35:37,4
,21:04:16,4
705,2019-05-08,
,9:49:23,-5
,10:40:49,1
,11:23:17,-6
,13:32:14,0
,13:33:26,1
,14:46:26,-2
,15:44:48,-5
,16:27:18,-7
,17:12:18,0
,17:30:48,-3
,18:55:29,-2
,20:22:34,1
,20:22:36,1
,21:10:31,-5
,21:54:34,2
704,2019-05-08,
,10:09:40,-1
,10:09:40,-1
,11:11:25,-1
,12:10:34,-3
,12:54:12,0
,15:09:13,2
,17:30:09,0
,18:32:15,1
,18:54:26,2
,20:22:13,-2
,21:00:37,0
727,2019-05-08,
,10:11:53,2
,12:08:00,3
,13:48:51,-6
,15:06:41,1
,15:45:27,-5
,16:45:19,3
,17:27:22,4
,18:09:45,7
,19:35:04,1
,20:30:18,5
,21:23:56,5
,22:01:04,6
701,2019-05-08,
,10:15:03,-1
,10:29:46,-9
,11:16:12,-7
,12:45:38,1
,13:51:57,6
,15:29:21,2
,15:58:22,6
,16:41:51,8
,17:27:42,8
,19:10:07,4
,19:42:54,4
,20:36:35,2
,21:08:13,0
729,2019-05-08,
,10:15:18,-4
,10:32:33,-1
,11:14:38,-3
,11:58:28,-4
,12:42:30,-3
,13:24:29,-2
,13:24:29,-2
,14:11:22,-2
,14:54:43,-1
,15:55:12,-3
,16:43:39,-5
,17:28:59,-4
,18:12:08,-2
,18:58:51,-4
,19:45:49,-2
,21:07:13,-4
,21:59:33,-2
724,2019-05-08,
,10:20:41,5
,11:10:29,2
,12:10:53,3
,14:31:15,4
,15:15:46,1
,17:27:19,3
,19:30:41,0
,20:16:28,2
712,2019-05-08,
,10:24:38,2
,12:09:30,2
,14:26:12,-1
,15:54:08,1
,17:07:40,-5
,18:30:39,-3
,21:31:15,-4
,22:35:19,-6
,23:31:57,-6
713,2019-05-08,
,10:30:38,0
,11:29:45,0
,12:13:03,0
,12:56:56,-1
,13:38:20,0
,14:17:11,-7
,15:12:30,-9
,18:12:13,-2
,18:55:45,-6
,19:39:22,-1
,20:22:53,-4
,21:05:28,-2
,21:05:28,-2
,21:57:26,-2
728,2019-05-08,
,10:36:27,-2
,11:17:10,2
,12:03:28,2
,12:03:28,2
,12:57:13,1
,13:42:21,0
,15:17:12,2
,16:38:21,1
,17:26:22,-2
,18:11:41,0
,18:58:40,3
,19:40:52,0
,21:56:41,-2
723,2019-05-08,
,10:37:03,-4
,11:27:59,-4
,13:00:56,3
,13:36:23,1
,14:20:52,2
,15:14:30,-3
,15:56:23,-3
,16:45:04,-2
,18:16:42,-4
,18:59:26,2
,19:42:05,0
,20:25:56,0
721,2019-05-08,
,10:37:37,-2
,11:40:58,-2
,12:57:40,-1
,14:08:59,0
,14:26:39,-1
,15:13:30,1
,17:14:13,2
,18:11:31,-1
,19:02:37,2
,20:17:26,0
,21:08:07,3
,21:57:22,2
708,2019-05-08,
,10:42:48,-1
,11:34:17,-7
,12:13:20,2
,15:10:22,-1
,15:53:23,0
,18:58:30,4
,19:44:26,-3
,20:26:27,-3
,21:08:22,-6
,21:51:19,-6
,21:51:20,-6
702,2019-05-08,
,10:52:29,0
,11:38:14,-3
,12:42:29,-6
,15:58:25,-1
,17:29:01,0
,18:53:34,0
,19:38:23,1
,20:28:46,-3
,21:15:19,-2
,21:58:25,0
715,2019-05-08,
,11:10:28,-2
,12:09:34,4
,12:57:07,3
,13:40:31,1
,14:27:25,5
,17:44:33,6
,18:38:54,6
,18:58:01,6
,19:44:46,1
,20:29:41,4
,21:09:18,4
,21:55:20,3
703,2019-05-08,
,11:13:13,8
,12:54:34,5
,12:54:36,5
,13:40:39,5
,15:07:38,4
,15:57:49,7
716,2019-05-08,
,11:26:00,2
,13:44:08,1
,14:31:00,1
,17:53:42,2
,21:36:46,4
,22:21:48,2
,23:11:52,5
722,2019-05-08,
,11:48:53,-3
,13:04:22,1
,13:50:56,1
,13:50:56,1
,15:07:52,3
,15:49:36,3
,16:33:43,7
,17:26:55,2
,19:00:25,7
,19:22:04,7
,20:22:15,6
,21:09:50,6
,22:05:08,3
,23:10:19,0
,23:54:09,-3
725,2019-05-08,
,11:58:13,1
,14:44:01,1
,14:44:01,1
,16:18:43,1
,17:15:23,1
,19:12:50,-1
,20:16:26,-1
,22:06:18,1
,23:29:00,2
,23:29:01,2
707,2019-05-08,
,12:02:32,2
,12:55:05,2
,13:34:23,1
,15:12:05,2
,15:54:30,3
,16:44:09,3
,18:07:33,0
,19:01:31,2
726,2019-05-08,
,12:06:51,-2
,12:55:07,0
,13:43:53,4
,14:21:49,2
,14:53:06,5
,15:30:07,2
,18:24:02,3
,19:18:57,5
,21:39:47,-1
,21:56:17,5
709,2019-05-08,
,13:44:51,4
,14:27:08,1
,15:14:08,2
,15:55:34,3
,16:41:29,2
,18:12:11,0
,19:39:35,2
,20:29:16,2
717,2019-05-08,
,15:12:29,3
,16:16:15,3
,16:39:18,3
,17:22:53,4
,19:04:27,2
,19:41:18,0
,21:56:13,0
711,2019-05-08,
,17:01:57,3
,18:30:55,2
,19:56:25,-1
,20:54:48,-1
,21:56:52,-2
703,2019-05-09,
,0:00:48,8
,0:49:49,8
,8:47:40,7
,11:26:22,8
,12:09:17,6
,13:43:58,5
,19:09:02,3
,19:41:36,3
,21:12:18,6
,21:56:36,8
716,2019-05-09,
,0:07:37,5
,0:31:16,-2
,1:12:47,2
,12:58:36,2
,14:30:35,6
,15:47:21,-5
,16:46:26,2
,17:29:33,-3
,18:13:44,-2
,18:56:40,1
,19:42:15,-6
,21:13:03,-5
,21:57:39,-5
,23:25:37,-6
714,2019-05-09,
,0:09:39,6
,8:30:30,-2
,10:11:11,0
,10:58:50,1
,12:20:06,4
,13:01:00,0
,14:20:43,-1
,15:12:32,3
,15:12:32,3
,15:58:01,3
,17:02:40,-1
,18:05:53,3
,19:03:58,4
,19:51:16,6
,21:02:08,4
,22:03:11,4
,22:59:15,4
712,2019-05-09,
,0:43:56,-3
,13:13:11,-1
,14:05:06,-1
,14:18:30,-2
,15:07:45,1
,15:56:32,-1
,17:07:23,2
,18:17:28,1
,19:42:12,1
,21:12:02,3
,23:14:20,2
718,2019-05-09,
,9:15:08,2
,13:07:20,6
,13:40:32,-1
,14:28:25,6
,15:12:12,-2
,15:58:33,4
,16:37:32,-5
,18:10:25,3
,20:13:40,9
,21:13:33,9
704,2019-05-09,
,10:01:35,2
,10:50:16,-1
,13:00:36,4
,14:26:25,-2
,18:26:08,2
,19:00:33,1
,19:46:33,1
,20:33:20,0
705,2019-05-09,
,10:21:52,2
,10:35:19,0
,11:17:25,1
,15:53:25,-9
,16:35:25,-8
,19:46:47,-2
,20:26:17,4
,20:55:09,5
,21:11:17,3
,22:28:59,2
710,2019-05-09,
,10:25:19,0
,12:28:30,1
,13:29:05,0
,14:29:20,2
,15:09:28,-1
,15:51:21,2
,19:41:20,3
,22:54:01,0
715,2019-05-09,
,10:27:25,-1
,11:28:09,5
,12:14:08,-2
,14:33:15,1
,15:05:19,5
,18:11:53,7
,18:46:20,5
,19:30:17,1
,20:28:56,5
,20:50:15,6
,21:13:39,6
727,2019-05-09,
,10:27:28,-1
,11:14:08,2
,12:00:00,4
,12:45:43,2
,17:27:00,0
,18:12:41,0
,18:55:12,2
,19:43:48,3
,21:14:26,7
701,2019-05-09,
,10:28:15,7
,11:34:28,4
,12:09:38,-5
,13:32:47,2
,14:01:28,4
,14:24:26,7
,15:14:15,9
,16:41:23,-7
,17:48:40,4
,18:18:39,-3
,20:12:45,1
,21:12:50,-3
,22:31:27,1
724,2019-05-09,
,10:35:22,4
,11:15:38,4
,12:07:01,5
,12:57:24,3
,14:26:57,5
,15:12:47,4
,15:54:25,3
,17:27:24,2
,19:03:05,5
,21:09:28,-6
,21:56:23,4
726,2019-05-09,
,10:38:31,2
,11:51:08,-3
,12:31:27,-5
,12:59:54,1
,14:15:13,0
,15:44:19,6
,17:24:52,6
,18:46:00,5
,20:08:00,0
,20:26:00,-2
,21:09:00,2
,21:54:00,2
722,2019-05-09,
,10:46:06,4
,11:24:19,-1
,12:20:14,-2
,13:32:29,4
,14:16:16,-1
,15:08:17,2
,15:49:14,1
,17:43:39,-5
,18:52:02,-5
,19:39:50,-4
,20:28:51,-3
,21:08:42,0
,23:51:26,4
,23:51:28,4
721,2019-05-09,
,10:46:16,3
,11:41:13,3
,12:47:37,4
,13:31:24,3
,14:00:08,3
,15:56:15,2
,17:22:14,3
,18:05:02,4
,20:07:21,2
,20:47:32,3
729,2019-05-09,
,11:13:11,-3
,11:21:12,-3
,12:10:48,-3
,12:53:52,-3
,13:43:13,-2
,14:24:44,-3
,15:33:10,1
,15:54:33,-4
,16:59:37,-1
,17:24:25,-2
,18:11:29,-2
,18:55:59,-5
,19:41:06,-6
,20:15:13,-4
,21:15:29,-5
,21:55:26,-4
706,2019-05-09,
,11:22:21,4
,14:30:16,2
,15:10:40,3
,17:55:45,-5
,18:50:16,0
,21:54:47,3
723,2019-05-09,
,11:25:03,-5
,12:49:15,0
,13:30:26,-2
,15:14:04,3
,15:55:04,2
,16:40:38,0
,19:00:15,-1
,20:31:38,1
,21:17:38,0
708,2019-05-09,
,11:52:15,0
,13:22:15,4
,14:27:18,-1
,15:15:29,-5
,15:15:30,-5
,16:03:41,1
,16:40:27,-4
,17:21:20,-3
,18:08:20,-2
,19:33:23,2
,20:15:20,-1
,21:22:11,-3
,21:46:38,-6
707,2019-05-09,
,12:07:26,2
,12:58:43,2
,14:20:46,0
,15:04:43,4
,15:55:16,2
,16:53:01,3
,17:28:17,1
,18:54:13,4
,19:48:59,-1
,21:13:56,0
,21:54:07,2
725,2019-05-09,
,12:11:06,-1
,12:11:06,-1
,12:55:38,1
,14:11:30,1
,15:14:09,0
,16:30:44,0
,20:41:07,0
,21:31:55,0
,22:15:07,-4
713,2019-05-09,
,12:44:49,-2
,14:02:42,-4
,16:24:38,1
,17:20:48,-1
,18:23:27,2
,18:56:38,2
,19:39:28,4
719,2019-05-09,
,12:52:33,4
,13:44:14,3
,14:30:33,1
,15:11:31,5
,16:00:58,4
,16:48:37,5
,18:17:17,3
,18:56:35,4
,19:47:45,6
,21:12:01,5
,21:57:36,3
,22:42:03,4
711,2019-05-09,
,12:58:39,-5
,13:44:22,-2
,14:29:39,0
,15:12:20,0
,15:53:35,-1
,17:02:32,-3
,18:47:29,0
,19:56:51,3
,20:58:13,3
,21:52:53,-1
728,2019-05-09,
,13:39:39,-2
,14:24:23,2
,15:17:32,1
,15:54:58,0
,16:42:09,-3
,17:23:40,0
,19:32:17,4
,20:25:42,-1
,21:47:03,4
,22:39:34,0
,23:28:44,2
702,2019-05-09,
,13:40:02,-1
,13:42:43,3
,14:27:26,2
,15:08:29,2
,15:57:05,-3
,16:39:08,-4
,17:28:24,1
,18:14:00,0
,19:45:41,-1
,20:26:50,-2
709,2019-05-09,
,13:44:32,3
,14:24:03,3
,15:14:27,2
,16:02:46,2
,16:47:10,4
,17:32:21,2
,18:14:19,4
,18:59:20,-9
,21:11:37,2
,21:54:07,2
717,2019-05-09,
,14:44:29,3
,15:56:16,1
,16:37:16,0
,17:28:32,1
,19:03:43,1
,19:41:27,2
725,2019-05-10,
,0:31:26,-1
,14:36:01,-5
,15:57:00,1
,16:52:21,2
,18:16:56,-2
,19:13:55,0
,20:06:46,0
,21:00:31,2
,23:42:57,2
704,2019-05-10,
,10:04:05,1
,11:38:41,-2
,13:34:07,0
,16:29:52,0
,16:44:44,0
,17:29:05,-5
,18:13:21,1
,19:15:15,1
,19:15:15,1
,20:38:20,-6
722,2019-05-10,
,10:04:25,-5
,10:49:07,3
,12:54:13,2
,13:44:17,4
,14:50:43,4
,16:07:59,0
,17:28:32,2
,18:15:12,4
,18:57:48,5
,19:54:17,4
,21:40:26,5
,21:52:58,-1
,21:53:00,-1
,23:50:58,6
703,2019-05-10,
,10:05:30,5
,13:03:42,8
,15:13:23,6
,15:54:02,5
,16:37:17,7
,16:37:18,7
,18:10:25,4
,18:58:42,2
,19:43:45,1
,20:30:13,4
,21:08:26,6
,21:08:29,6
,21:08:29,6
705,2019-05-10,
,10:05:53,2
,11:08:17,2
,12:31:03,7
,14:03:16,5
,14:30:30,-2
,15:16:09,-1
,15:58:57,3
,17:25:14,2
,18:14:18,6
,21:37:16,0
,21:56:23,1
701,2019-05-10,
,10:10:17,5
,11:27:36,7
,12:00:16,4
,14:13:18,5
,15:03:41,2
,15:11:12,2
,16:01:16,2
,17:09:15,-1
,18:05:09,7
,18:53:57,2
,20:06:10,4
,20:27:58,1
,21:09:21,9
710,2019-05-10,
,10:14:13,0
,11:09:11,2
,12:02:16,2
,12:55:10,-2
,13:36:16,3
,14:26:29,2
,15:09:29,1
,15:53:18,2
,16:33:15,3
,17:28:21,3
,18:53:20,2
,19:43:33,2
,20:24:53,1
,21:14:50,2
713,2019-05-10,
,10:14:25,-3
,12:07:12,6
,13:03:24,3
,14:37:10,1
,15:55:34,-4
,16:42:28,-6
,18:04:52,6
,18:04:52,6
,18:58:16,4
,21:16:43,6
,21:59:31,6
726,2019-05-10,
,10:23:00,6
,11:53:00,5
,14:17:00,3
,15:23:00,1
,15:50:00,6
,16:40:00,4
,17:24:00,4
,19:11:00,5
,19:41:00,3
,19:55:04,-2
,21:20:56,2
729,2019-05-10,
,10:31:12,-3
,11:18:35,-2
,12:12:32,-3
,12:53:40,-3
,13:36:19,-2
,14:18:20,-3
,14:58:54,-3
,15:46:46,0
,16:39:10,-3
,17:24:52,-3
,18:18:56,-5
,18:59:41,-1
,19:36:49,-4
,20:17:09,-3
,21:05:42,-2
724,2019-05-10,
,10:31:39,3
,13:03:05,5
,13:46:37,4
,14:34:37,3
,16:01:12,2
,16:36:16,3
,17:21:23,-3
,18:02:57,2
,18:54:33,4
,19:40:44,3
,20:20:26,5
706,2019-05-10,
,10:35:45,0
,11:17:43,4
,13:00:10,1
,15:51:55,1
,18:13:52,0
,18:58:06,0
,19:39:27,1
721,2019-05-10,
,11:09:36,-2
,12:25:55,3
,12:56:19,0
,13:42:26,4
,15:44:07,-4
,17:06:38,1
,17:29:23,2
,18:12:12,-2
,18:59:00,2
,20:15:04,-4
,20:26:26,-4
,21:37:12,3
711,2019-05-10,
,11:13:02,-2
,12:37:21,1
,14:07:43,1
,15:10:59,-2
,15:59:49,1
,17:44:04,-3
,18:15:31,2
,18:57:46,1
,20:20:37,1
,20:58:22,-2
,21:50:58,-1
707,2019-05-10,
,12:12:42,4
,13:00:22,4
,13:00:22,4
,13:45:30,3
,15:09:23,4
,15:09:23,4
,15:56:24,2
,17:22:07,2
,18:32:37,2
,19:30:52,0
,21:19:44,0
719,2019-05-10,
,12:21:19,5
,13:01:28,4
,14:39:25,6
,15:56:27,7
,17:25:32,3
,18:13:29,6
,18:58:50,5
,21:57:01,5
702,2019-05-10,
,12:36:24,0
,12:57:27,0
,14:32:24,0
,15:58:31,0
,16:44:50,1
,17:31:18,-1
,17:31:24,1
,19:38:29,1
,20:26:13,3
,22:01:08,6
708,2019-05-10,
,12:40:49,3
,12:52:17,2
,15:16:28,3
,16:00:37,3
,16:40:16,3
,17:30:09,3
,19:38:20,0
,20:24:21,0
,21:12:16,-2
,21:58:39,5
723,2019-05-10,
,12:55:00,0
,12:55:00,0
,14:41:14,-2
,15:56:58,0
,20:38:14,-2
,21:09:27,-3
,21:57:16,-1
709,2019-05-10,
,12:55:12,2
,14:17:14,4
,14:56:18,4
,14:56:18,4
,15:44:22,4
,16:28:35,1
,17:09:28,1
,18:14:22,3
,21:54:12,1
718,2019-05-10,
,12:58:44,-3
,13:44:59,-2
,18:13:24,7
,19:10:21,-1
,19:40:04,-5
728,2019-05-10,
,13:00:41,5
,13:40:40,1
,14:22:16,2
,15:13:19,0
,15:57:35,0
,16:42:24,0
,17:13:25,1
,17:26:51,0
,18:10:16,-1
,18:57:16,3
,19:52:16,-1
,20:18:13,2
,20:48:18,3
712,2019-05-10,
,13:09:45,3
,14:47:59,0
,15:05:32,1
,15:50:19,0
,16:33:28,-2
,17:27:14,1
,18:08:44,1
,18:57:08,-2
,19:43:24,-1
,20:29:04,0
,21:10:48,-2
,21:58:35,-1
716,2019-05-10,
,14:11:46,6
,15:13:18,-2
,15:54:39,4
,17:16:43,-3
,18:52:14,6
,20:13:06,-2
,20:13:08,-2
,21:14:20,0
,22:00:04,6
727,2019-05-10,
,14:19:16,-4
,15:12:32,6
,15:57:47,6
,16:50:39,-2
,17:24:24,2
,19:24:08,-3
,19:41:56,7
,20:32:22,3
,21:13:28,5
,21:53:55,2
715,2019-05-10,
,14:19:35,4
,15:51:19,6
,19:48:27,0
,20:26:33,-3
,21:12:26,-3
,22:03:14,-1
,22:48:08,2
714,2019-05-10,
,15:01:21,2
,16:13:05,-3
,16:56:13,-1
,18:58:00,4
,19:57:35,3
,21:08:07,3
,22:03:47,4
,23:04:01,4
717,2019-05-10,
,18:11:09,0
,19:31:50,4
712,2019-05-11,
,0:44:41,0
,0:44:41,0
,12:38:41,1
,12:38:41,1
,12:48:20,1
,13:31:37,3
,14:12:22,2
,15:54:41,1
,16:33:06,2
,17:22:25,1
,18:06:25,1
,18:51:27,3
,20:29:49,2
,21:14:32,2
,22:42:18,1
714,2019-05-11,
,0:56:06,4
,4:28:59,1
,15:32:12,1
,16:46:57,2
,18:11:07,5
,18:55:56,5
,19:59:11,-1
,21:12:01,5
,23:45:47,5
722,2019-05-11,
,0:56:48,2
,12:17:57,-3
,13:50:25,4
,13:50:27,4
,14:24:56,4
,15:03:20,3
,16:21:30,4
,16:21:33,4
,17:09:47,0
,17:29:26,1
,18:58:17,3
,19:40:18,3
,21:09:19,4
,21:52:58,4
,23:26:11,6
715,2019-05-11,
,1:04:36,4
,2:13:58,5
,9:50:03,3
,10:29:25,3
,12:08:00,6
,12:59:19,6
,16:02:45,6
,21:53:32,5
716,2019-05-11,
,1:48:03,0
,13:21:31,6
,14:28:19,6
,15:22:32,0
,16:00:05,3
,18:04:47,2
,18:54:24,0
,20:21:32,2
,21:19:33,1
,22:20:31,0
,23:03:10,4
,23:45:31,0
703,2019-05-11,
,9:31:24,5
,12:02:03,1
,12:06:24,-1
,12:53:27,4
,13:38:36,3
,16:44:30,5
,17:21:32,1
,18:46:18,3
,19:30:28,5
726,2019-05-11,
,10:19:25,7
,11:01:42,3
,11:58:21,3
,12:46:53,7
,13:35:26,3
,14:18:54,3
,15:28:15,6
,16:35:51,2
,18:59:23,2
,19:37:24,1
,20:26:28,1
,21:15:09,-3
,21:56:25,2
710,2019-05-11,
,10:22:19,1
,11:21:36,-1
,12:04:21,1
,13:47:20,1
,14:31:32,2
,15:58:15,3
,16:46:41,-2
,17:25:15,0
,18:05:20,0
,18:51:17,3
,23:12:04,2
727,2019-05-11,
,10:23:20,2
,11:22:18,3
,12:03:50,8
,12:45:49,3
,13:29:06,3
,16:22:29,6
,16:37:45,0
,17:18:59,2
,18:03:17,1
,18:54:37,5
,19:51:00,5
,20:18:05,2
721,2019-05-11,
,10:42:41,1
,11:21:02,-1
,12:19:13,2
,14:21:55,0
,14:59:01,3
,15:54:20,4
,16:00:54,2
,16:47:10,3
,17:55:58,4
,18:17:35,3
,20:01:06,4
,20:17:01,4
,21:38:55,4
,21:56:09,4
707,2019-05-11,
,10:57:56,2
,12:33:54,2
,13:40:10,3
,14:29:16,4
,15:08:21,3
,15:48:20,1
,16:36:15,3
,18:52:17,2
,19:55:53,0
,20:55:29,1
,21:45:58,1
729,2019-05-11,
,11:04:13,-3
,11:54:51,-1
,12:34:00,-3
,13:26:42,-1
,14:20:08,0
,15:52:16,-2
,16:44:08,-2
,17:30:10,-3
,18:13:54,-4
,18:53:58,-1
,20:27:35,3
706,2019-05-11,
,11:20:38,0
,12:09:29,2
,13:38:36,0
,15:52:15,1
,19:44:15,1
,20:28:13,1
,21:53:01,-1
724,2019-05-11,
,11:24:51,-1
,12:17:02,4
,14:22:06,3
,16:37:00,4
,17:33:18,4
,20:10:31,1
,20:29:20,5
,21:10:13,5
,21:58:30,4
705,2019-05-11,
,11:27:25,3
,11:33:22,-1
,12:11:22,-7
,13:41:55,5
,13:47:09,4
,13:47:11,4
,15:00:37,0
,17:49:25,2
,18:11:47,3
,18:58:26,5
,19:41:17,1
,20:28:16,4
,21:13:55,2
,22:24:06,0
718,2019-05-11,
,11:28:28,3
,12:05:26,2
,12:48:27,-5
,16:00:44,8
,16:38:18,9
,17:24:52,9
,18:48:13,-7
,19:35:58,4
,20:12:05,3
,21:12:21,1
719,2019-05-11,
,11:36:10,5
,12:57:22,6
,13:44:18,6
,15:14:51,6
,16:22:42,6
,16:53:17,5
,17:26:12,7
,19:45:10,5
,20:28:26,5
,21:00:46,3
,21:17:27,4
,21:55:07,5
,22:46:51,4
704,2019-05-11,
,11:49:01,3
,15:12:45,2
,17:27:46,-2
,17:49:41,2
,18:23:32,-1
,19:00:36,0
,21:19:37,2
,22:43:08,-2
709,2019-05-11,
,12:00:02,4
,13:29:22,4
,14:11:18,4
,21:09:22,5
,21:09:22,5
,21:57:29,4
701,2019-05-11,
,12:16:21,2
,12:53:33,6
,14:10:14,3
,14:49:44,2
,15:47:28,4
,16:13:50,-2
,16:45:13,4
,17:23:14,1
,18:44:32,4
,19:15:26,-4
,19:42:56,6
,20:49:25,9
,21:51:05,6
708,2019-05-11,
,12:54:15,3
,14:24:02,-2
,15:53:20,-4
,17:25:23,-5
,18:08:31,-5
,18:53:24,0
,19:40:17,-4
,19:40:18,-4
,20:26:29,-4
,21:06:53,-4
,21:55:17,-5
728,2019-05-11,
,13:04:00,3
,15:57:00,1
,16:46:30,-1
,17:24:26,-1
,18:06:54,1
,18:57:48,0
,19:42:39,0
,20:28:34,2
,20:53:13,0
,21:53:16,1
713,2019-05-11,
,13:34:50,4
,14:20:23,2
,15:14:44,-3
,15:56:28,1
,16:43:11,0
,17:28:31,1
,18:57:28,4
,20:23:26,-4
,21:10:28,-3
,21:51:28,-6
711,2019-05-11,
,13:45:41,1
,14:30:38,2
,15:41:43,2
,18:08:50,1
,19:24:25,-4
,20:18:18,-2
,21:07:17,-2
,21:49:04,-3
702,2019-05-11,
,14:33:25,0
,15:53:37,0
,17:28:24,1
,19:38:40,1
,20:22:01,-6
,21:56:04,-6
725,2019-05-11,
,17:01:55,3
,17:25:21,2
,18:57:56,1
,20:02:08,0
,21:02:02,1
,22:20:14,3
,23:05:16,3
717,2019-05-11,
,18:20:13,1
712,2019-05-12,
,0:00:27,-2
,12:03:08,1
,13:07:11,1
,13:38:20,2
,14:27:14,1
,16:08:51,1
,16:45:13,2
,17:38:42,2
,18:44:56,-1
,18:44:56,-1
,18:52:23,2
,21:58:16,2
,23:11:23,1
,23:47:37,1
704,2019-05-12,
,0:54:11,2
,14:35:53,2
,15:49:01,0
,15:58:30,0
,16:44:25,3
,17:29:13,2
,20:29:03,0
,21:06:37,1
716,2019-05-12,
,1:17:12,-2
,2:47:39,-2
,14:08:11,-4
,14:28:34,-1
,15:11:00,-1
,17:29:59,0
,19:10:20,0
,20:37:01,-6
,21:37:39,3
,22:43:58,-6
,23:46:30,-6
722,2019-05-12,
,1:25:45,3
,15:29:23,2
,15:55:16,3
,16:36:25,4
,17:22:18,1
,18:13:45,2
,18:56:42,5
,19:40:20,4
,20:23:17,4
,21:32:33,6
,22:16:40,5
,23:02:34,6
,23:51:38,6
714,2019-05-12,
,1:51:15,3
,3:55:35,4
,15:09:55,-2
,16:39:18,4
,17:40:00,3
,18:15:55,6
,18:59:08,2
,20:03:10,4
,20:51:17,3
,21:55:50,4
,22:53:10,5
,23:49:20,4
703,2019-05-12,
,8:51:27,1
,10:24:32,-1
,12:52:18,1
,12:52:18,1
,14:18:24,2
,14:59:30,5
,14:59:30,5
,15:59:29,0
,16:42:00,3
,18:53:45,-3
,19:54:14,2
727,2019-05-12,
,10:36:52,3
,11:19:45,0
,12:08:46,2
,12:56:42,5
,13:41:34,5
,14:28:33,-3
,15:12:32,1
,15:59:15,4
,16:40:12,0
,17:21:31,2
,18:04:33,-2
,20:19:37,-3
,21:11:39,-6
,21:55:21,-5
729,2019-05-12,
,10:38:57,-3
,11:22:27,-5
,12:49:46,-3
,13:56:11,-4
,14:22:32,-3
,15:08:10,-4
,15:54:13,-1
,16:34:11,0
,16:34:11,0
,17:31:12,-4
,18:12:17,-3
,18:54:14,-3
,19:47:27,-4
,20:25:11,-3
,21:13:43,-3
,21:54:11,-1
710,2019-05-12,
,10:45:07,3
,11:29:25,1
,12:10:20,2
,12:50:14,2
,13:36:13,1
,15:03:13,1
,16:48:23,3
,20:25:33,1
,21:59:11,-1
705,2019-05-12,
,11:21:07,1
,11:23:18,0
,12:04:16,1
,12:59:16,-2
,13:43:23,-1
,14:29:16,-2
,16:24:40,0
,16:48:23,-2
,19:16:16,-7
,19:16:16,-7
,19:52:26,0
,20:26:21,-4
,21:14:34,-7
,21:57:22,-5
726,2019-05-12,
,11:24:33,-3
,12:50:41,0
,13:18:28,-1
,14:28:33,2
,15:54:19,2
,17:17:16,-2
,18:04:23,-2
,18:51:51,-2
,19:44:47,1
,20:20:31,1
711,2019-05-12,
,11:43:42,-1
,12:38:38,2
,13:48:53,3
,14:40:52,4
,15:41:15,3
,16:32:19,2
,17:35:45,3
,18:20:45,0
,19:42:07,1
,20:34:15,3
,21:34:33,3
721,2019-05-12,
,11:57:43,3
,12:53:54,3
,13:37:11,1
,15:16:40,-1
,16:01:19,3
,17:05:14,2
,18:41:23,1
,19:00:45,-3
,20:14:45,2
,21:34:47,1
,22:05:05,3
701,2019-05-12,
,12:07:44,2
,13:05:11,7
,13:46:26,4
,14:27:47,6
,15:11:09,1
,16:57:21,1
,17:25:28,-2
,18:14:34,7
,19:04:04,2
,20:16:52,5
,21:45:42,9
724,2019-05-12,
,12:10:33,3
,12:50:19,4
,13:38:33,5
,14:27:52,4
,15:21:28,3
,15:53:18,4
,16:44:28,4
,17:32:20,5
,18:15:42,6
,18:53:14,5
,19:35:18,4
,20:58:53,5
,21:52:48,4
718,2019-05-12,
,12:28:32,5
,13:00:48,5
,16:42:00,-3
,18:05:40,-5
,20:29:16,0
,20:59:12,-2
,21:13:28,2
,21:53:34,-3
,22:13:51,-3
719,2019-05-12,
,12:47:06,5
,12:51:00,3
,13:41:42,3
,14:27:44,4
,15:09:30,3
,15:58:30,2
,17:00:31,2
,18:17:36,2
,18:56:27,1
,20:29:24,1
,21:18:05,2
,22:03:06,4
706,2019-05-12,
,12:50:50,2
,13:34:18,0
,14:20:41,0
,15:48:06,3
,17:24:22,0
,21:10:13,-1
,21:56:48,2
715,2019-05-12,
,12:52:11,5
,13:44:14,4
,14:26:11,5
,15:45:51,4
,16:28:19,4
,18:05:54,0
,19:58:20,-1
,21:53:54,2
707,2019-05-12,
,12:56:51,2
,14:15:16,-2
,14:55:23,0
,15:48:59,2
,16:32:34,0
,17:33:07,2
,18:46:07,2
,19:30:48,1
,21:43:48,2
708,2019-05-12,
,12:57:17,2
,14:29:46,-4
,15:12:19,-3
,15:55:30,-4
,16:37:31,-4
,18:13:16,0
,18:58:50,3
,19:45:20,0
,20:23:17,-5
,21:14:41,-5
,21:57:19,-6
728,2019-05-12,
,12:58:21,-2
,13:39:25,-4
,14:32:40,1
,15:08:34,1
,15:56:58,1
,16:34:12,1
,17:16:10,-1
,18:10:43,1
,18:10:43,1
,19:47:04,2
,21:23:35,-2
713,2019-05-12,
,12:59:55,3
,16:04:36,1
,16:43:21,-6
,18:14:20,-1
,18:52:19,-4
,20:19:38,-2
,21:12:16,5
,21:54:26,-2
702,2019-05-12,
,13:40:12,0
,14:28:46,0
,15:11:32,0
,16:41:34,-5
,17:21:12,-6
,18:59:14,-2
,20:33:56,0
,21:51:32,3
,21:56:28,1
709,2019-05-12,
,13:41:20,4
,14:19:08,3
,15:01:05,5
,15:50:55,2
,15:50:55,2
,16:35:09,4
,17:20:30,-6
,18:12:22,2
,19:41:55,3
717,2019-05-12,
,17:23:35,4
,17:28:02,4
710,2019-05-13,
,0:04:00,2
,11:16:11,1
,11:56:51,1
,14:28:12,1
,15:09:45,-1
,15:55:58,-1
,18:20:57,1
,18:54:20,2
,20:02:10,-1
,20:57:02,-1
,23:06:18,0
704,2019-05-13,
,0:14:02,1
,0:14:02,1
,10:31:34,-2
,10:53:22,0
,11:09:54,0
,11:59:58,-2
,13:04:34,-3
,14:24:16,-2
,15:14:40,1
,15:56:08,-3
,15:56:08,-3
,16:40:16,0
,18:09:05,-1
,20:27:45,1
,21:56:01,1
714,2019-05-13,
,0:28:38,2
,3:25:02,2
,4:13:08,1
,10:32:21,1
,11:55:32,2
,13:04:00,3
,13:49:17,-2
,16:05:54,-1
,16:42:28,3
,17:25:59,2
,18:18:34,2
,18:58:18,0
,19:57:14,7
,20:52:05,4
,21:45:08,5
,23:05:23,2
716,2019-05-13,
,0:38:13,-6
,1:10:21,-6
,1:56:43,-5
,10:19:14,-6
,11:18:11,-3
,12:59:56,1
,16:20:38,-6
,16:40:47,-3
,17:21:23,-1
,19:04:09,-6
,19:30:45,-6
,22:15:50,-6
,23:44:03,-6
722,2019-05-13,
,1:02:24,2
,1:57:56,4
,12:05:08,0
,12:53:21,0
,13:35:28,1
,14:26:22,2
,15:15:52,1
,16:00:19,2
,16:40:39,1
,18:19:00,0
,18:19:02,0
,19:02:31,5
,19:42:36,0
,21:15:07,5
,22:02:48,1
,23:24:23,6
715,2019-05-13,
,7:15:44,1
,8:03:54,0
,10:10:58,1
,11:12:25,-1
,12:41:53,-2
,13:43:24,1
,14:31:21,0
,15:14:36,5
,15:54:02,5
,16:43:30,4
,17:29:46,5
,20:28:58,6
,21:09:45,6
,22:14:01,6
,22:14:01,6
,22:34:40,6
728,2019-05-13,
,9:52:11,1
,11:22:17,1
,12:16:04,1
,12:16:04,1
,12:58:21,-1
,13:37:09,1
,14:19:12,2
,19:03:07,2
,19:03:07,2
,19:47:20,0
,20:35:55,2
,21:12:13,1
,22:04:40,3
,23:39:35,3
713,2019-05-13,
,10:04:32,2
,12:53:24,5
,16:36:48,1
,18:09:27,5
,19:43:40,6
,20:45:10,6
,21:10:15,6
,21:58:11,6
718,2019-05-13,
,10:09:22,-2
,11:04:21,7
,12:30:19,4
,12:51:21,0
,13:43:21,4
,14:30:05,7
,15:17:33,6
,16:40:18,7
,21:09:58,2
,22:12:02,0
703,2019-05-13,
,10:09:24,-4
,11:24:09,-6
,12:58:21,-6
,13:41:24,-6
,15:14:22,-4
,17:25:59,-5
719,2019-05-13,
,10:12:02,2
,10:51:29,2
,11:05:45,5
,12:10:23,4
,12:51:54,3
,15:54:12,0
,18:15:50,5
,20:01:03,3
,20:23:33,2
709,2019-05-13,
,10:12:04,4
,12:01:13,4
,13:39:24,4
,14:29:42,3
,17:21:14,2
,17:21:29,4
,19:42:29,-4
,20:23:56,-2
,21:03:34,1
,21:08:48,0
,21:54:14,2
,23:50:48,2
712,2019-05-13,
,10:16:26,2
,11:17:16,1
,13:05:16,2
,15:04:56,2
,15:42:14,1
,16:37:05,2
,17:20:45,-1
,18:00:51,-2
,19:02:48,1
,19:40:11,2
,21:10:16,1
,21:58:45,2
705,2019-05-13,
,10:17:02,0
,12:27:50,-3
,14:27:48,-2
,15:05:45,-7
,16:43:26,-3
,17:28:37,-6
,18:33:47,-1
,18:54:22,-3
,20:19:21,-1
,21:17:06,-3
,22:27:35,-2
711,2019-05-13,
,10:26:26,-2
,11:17:19,2
,12:25:22,-2
,13:20:16,-2
,14:10:58,-3
,14:23:58,-2
,15:38:27,1
,16:38:45,0
,18:02:57,3
,19:04:32,4
,21:42:17,0
724,2019-05-13,
,10:31:46,4
,11:23:13,5
,12:06:16,5
,12:58:40,4
,14:24:17,5
,15:55:52,4
,19:41:19,0
,21:49:24,2
701,2019-05-13,
,10:34:19,-9
,11:14:40,6
,12:48:23,6
,13:41:20,4
,14:06:00,-1
,14:28:36,4
,15:43:58,7
,16:00:52,6
,17:39:49,4
,18:09:16,6
,18:56:14,5
,19:36:05,3
,20:31:40,2
,21:20:58,4
,21:56:13,4
706,2019-05-13,
,10:35:37,0
,14:18:23,-1
,14:58:47,1
,15:50:30,1
,16:33:55,2
,17:26:15,1
,20:21:25,2
729,2019-05-13,
,10:39:19,-1
,11:32:34,0
,12:58:56,-2
,13:41:19,-1
,14:28:24,-2
,15:47:15,-2
,17:05:51,-2
,17:22:58,-3
,18:49:07,-3
,19:34:08,0
,20:14:38,2
,21:03:10,-2
,21:49:11,-2
727,2019-05-13,
,10:39:31,4
,11:29:03,4
,12:11:59,3
,12:54:00,-1
,14:23:48,-1
,15:59:23,1
,16:40:31,3
,17:28:51,-1
,18:17:01,5
,19:05:12,-2
,19:44:03,3
,21:14:36,6
,21:52:40,4
721,2019-05-13,
,10:39:52,-1
,11:17:19,-2
,12:07:11,1
,13:53:32,-4
,14:27:22,1
,15:14:49,1
,16:54:21,2
,17:59:40,2
,18:58:44,0
,19:42:38,-5
,21:55:37,2
708,2019-05-13,
,10:51:33,-3
,12:53:16,1
,12:53:16,1
,13:44:20,-3
,14:27:25,-2
,14:27:28,-2
,15:11:18,-1
,16:43:21,-4
,17:28:56,-7
,18:12:35,-1
,18:59:26,4
,19:41:21,-4
,20:22:17,-2
,21:04:30,-4
,21:52:13,-2
702,2019-05-13,
,11:31:44,-2
,15:38:45,0
,15:52:14,-2
,16:41:29,0
,17:22:57,-1
,18:08:15,-2
,18:56:38,0
,20:31:33,1
,21:16:30,-2
,21:56:27,-2
725,2019-05-13,
,11:40:52,-1
,12:43:31,-2
,13:46:34,-1
,14:57:39,-1
,15:57:21,0
,16:58:34,1
,21:01:33,-5
,23:44:02,-2
726,2019-05-13,
,11:59:14,6
,12:55:27,3
,13:41:47,2
,14:29:23,1
,15:55:08,1
,16:44:20,1
,17:32:08,1
,18:14:46,1
,19:55:46,0
,20:22:29,-2
,21:59:37,2
707,2019-05-13,
,13:49:51,1
,14:31:33,0
,15:15:29,-4
,16:01:21,-1
,16:45:46,3
,17:30:38,2
,18:20:45,0
,19:00:56,1
,19:41:27,2
,19:41:28,2
,20:26:44,1
717,2019-05-13,
,14:03:26,-2
,21:53:28,0
709,2019-05-14,
,0:11:58,0
,12:50:09,-2
,13:34:12,-1
,14:21:41,1
,15:01:09,1
,15:01:09,1
,15:41:47,1
,16:45:12,1
,16:45:12,1
,17:27:26,1
,18:07:17,0
,18:17:46,-1
,19:41:12,4
,20:05:18,4
,20:31:01,4
722,2019-05-14,
,0:37:35,6
,10:45:14,2
,11:24:42,0
,12:04:41,1
,12:46:32,0
,15:10:53,3
,15:57:55,5
,16:34:24,1
,17:26:26,1
,18:13:00,-1
,19:42:10,1
,21:43:22,2
714,2019-05-14,
,2:32:56,5
,11:27:46,1
,11:56:33,0
,14:10:40,6
,15:30:30,6
,16:42:34,9
,18:18:57,9
,19:31:19,9
,22:34:57,9
718,2019-05-14,
,6:36:54,0
,13:10:56,-2
,13:33:59,-3
,14:30:08,-3
,15:05:18,0
,15:55:06,-1
,21:08:07,3
715,2019-05-14,
,9:09:09,6
,10:24:26,6
,11:29:21,6
,12:10:15,6
,14:00:55,6
,16:14:11,6
,16:49:07,6
,17:05:03,6
,18:11:14,6
,18:54:03,6
,19:44:17,6
701,2019-05-14,
,10:03:09,1
,11:15:57,3
,12:34:49,7
,13:44:44,0
,14:37:21,3
,16:13:49,2
,16:47:40,3
,17:33:38,2
,18:57:09,4
,19:41:05,4
,21:12:31,5
,21:55:10,8
713,2019-05-14,
,10:14:02,4
,11:16:38,3
,11:16:38,3
,12:57:23,6
,15:09:12,4
,17:35:47,5
,18:13:17,6
,18:58:38,5
,19:44:24,5
,21:10:27,6
,21:51:35,6
724,2019-05-14,
,10:14:47,4
,11:05:39,5
,12:16:32,5
,14:49:11,4
,15:08:15,3
,17:28:21,4
,18:13:07,5
,19:50:20,5
,20:34:03,4
704,2019-05-14,
,10:18:56,1
,11:00:20,1
,12:38:12,-1
,14:58:46,0
,16:23:47,2
,18:14:37,2
,19:01:12,2
,19:43:44,1
,19:43:44,1
,19:43:44,1
,21:56:03,0
,21:56:03,0
726,2019-05-14,
,10:21:48,1
,11:27:16,1
,12:54:00,1
,13:40:06,2
,14:29:57,0
,15:57:26,1
,17:16:57,4
,18:11:42,4
,18:54:04,-1
,21:00:42,1
712,2019-05-14,
,10:24:57,3
,10:39:00,2
,11:28:08,2
,12:53:24,0
,14:55:01,0
,15:13:20,0
,17:23:45,2
,18:07:17,2
,18:47:10,2
,19:32:53,2
,20:27:09,2
,21:09:22,2
710,2019-05-14,
,10:26:32,2
,11:50:25,1
,13:52:57,1
,15:13:12,-1
,15:48:21,2
,21:48:08,4
727,2019-05-14,
,10:32:02,1
,12:09:27,3
,12:57:20,4
,13:46:59,-1
,14:28:18,-2
,15:06:24,-1
,15:59:19,4
,16:40:38,-4
,17:18:46,-3
,18:12:34,2
,18:59:59,-3
,19:39:49,-8
,20:28:59,5
,21:15:31,5
,21:59:17,-1
706,2019-05-14,
,10:40:08,3
,11:29:16,3
,12:14:28,2
,13:38:10,2
,14:26:24,2
,15:14:42,1
,17:26:01,2
,18:57:26,4
,21:14:20,-3
,21:56:51,2
703,2019-05-14,
,10:45:25,-3
,12:54:18,-1
,15:04:22,-1
,15:50:37,-4
,16:30:27,-2
,18:08:18,-2
,19:46:48,-1
,20:23:23,-1
729,2019-05-14,
,10:51:46,-2
,11:16:33,-1
,12:09:20,-1
,12:59:09,-1
,13:41:22,0
,15:14:08,-2
,15:59:09,-1
,16:46:00,-1
,17:28:10,-2
,18:10:13,-2
,18:54:15,-1
,19:33:13,-2
,20:16:19,-3
,21:02:23,-2
,21:41:31,-1
721,2019-05-14,
,11:23:11,0
,12:14:50,1
,13:05:16,3
,13:47:09,2
,14:35:45,2
,15:12:13,1
,15:52:16,0
,18:13:04,2
,18:31:58,1
,19:49:31,2
,20:32:48,-1
,21:59:20,1
702,2019-05-14,
,11:26:47,-1
,12:12:13,-2
,12:46:10,-2
,14:16:24,-2
,15:46:33,-1
,16:37:39,2
,18:54:25,-1
,19:36:34,-2
,21:13:14,-3
725,2019-05-14,
,11:37:48,0
,12:23:47,0
,14:05:34,0
,15:41:42,0
,16:39:45,0
,17:24:59,2
,18:24:12,3
,18:24:12,3
,20:44:48,1
,20:44:49,1
,21:53:14,2
705,2019-05-14,
,11:51:09,-4
,11:51:11,-4
,12:14:06,-1
,14:31:30,-3
,15:13:10,-2
,16:37:44,-6
,17:19:22,-6
,19:47:47,1
,20:26:48,0
,21:59:16,9
716,2019-05-14,
,12:07:00,0
,12:54:46,6
,14:16:00,7
,15:35:39,-2
,16:47:23,-4
,18:45:54,-4
,19:43:12,-6
,21:39:23,-6
,21:58:17,-6
708,2019-05-14,
,12:14:20,-1
,12:55:20,-4
,13:41:23,-2
,15:52:27,3
,16:44:06,2
,18:13:19,4
,18:54:23,3
,21:12:32,6
711,2019-05-14,
,12:47:17,4
,13:40:29,3
,14:23:59,6
,15:05:55,4
,16:01:24,4
,17:06:00,4
,17:51:54,3
,18:46:43,1
,19:36:51,3
,20:31:25,0
,21:55:16,2
707,2019-05-14,
,14:22:36,2
,15:40:55,1
,16:09:42,2
,16:41:45,2
,17:37:11,1
,19:01:56,2
,19:42:59,4
,20:23:27,4
,21:02:50,2
719,2019-05-14,
,14:26:41,4
,15:16:00,2
,15:57:48,3
,16:41:55,4
,17:26:18,4
,18:11:12,2
,18:36:21,2
,18:51:32,3
,21:16:32,3
,22:01:12,3
728,2019-05-14,
,14:34:22,3
,15:14:17,1
,15:56:12,0
,18:10:46,1
,19:38:24,1
,20:28:26,1
,21:10:20,1
,21:41:18,2
714,2019-05-15,
,0:14:01,9
705,2019-05-15,
,0:14:25,-3
,0:15:38,-4
1502,2019-05-15,
,12:12:44,2
,12:57:37,3
,13:42:26,3
,14:24:23,0
,15:12:25,5
,17:29:02,3
,19:00:47,3
,21:07:02,-5
,21:49:23,1
1510,2019-05-15,
,12:59:24,4
,13:39:21,4
,19:40:35,4
1507,2019-05-15,
,12:59:56,-4
,13:41:46,0
,14:23:04,0
,15:11:44,0
,15:59:52,-8
1501,2019-05-15,
,13:38:25,-5
,14:18:58,0
,15:06:33,-1
,16:02:10,-1
,16:47:17,0
,18:13:25,0
,18:54:29,0
,21:21:43,0
1509,2019-05-15,
,14:28:00,0
,15:09:47,-3
1503,2019-05-15,
,15:59:02,-2
1518,2019-05-15,
,16:28:05,-1
,16:38:24,1
1512,2019-05-15,
,16:33:47,-1
1515,2019-05-15,
,16:40:58,4
1506,2019-05-15,
,16:43:37,0
,16:43:37,0
,16:43:37,0
,18:55:39,3
,18:55:39,3
1513,2019-05-15,
,16:45:25,-1
,19:45:57,1
,20:40:16,0
1505,2019-05-15,
,16:46:06,6
1514,2019-05-15,
,17:05:34,-9
1519,2019-05-15,
,18:48:45,-1
1521,2019-05-15,
,18:52:50,1
1526,2019-05-15,
,18:59:48,1
1523,2019-05-15,
,21:07:37,2
1517,2019-05-16,
,9:17:18,-1
,9:59:36,-1
,10:57:55,-3
,11:41:47,3
,12:24:45,1
,13:06:15,4
,13:06:15,4
,13:47:08,1
,14:32:09,4
,15:24:21,5
,17:55:37,4
1519,2019-05-16,
,9:51:48,-2
,10:18:26,-3
,11:54:27,-3
,13:04:30,0
,13:29:17,-2
,15:23:05,-2
,16:33:20,0
,17:19:50,-6
,17:47:04,4
,18:13:53,0
,19:47:32,-3
,20:31:23,5
,21:58:51,2
1523,2019-05-16,
,10:06:47,3
,11:01:02,3
,12:01:27,2
,12:55:30,4
,13:41:40,3
,14:24:20,5
,14:24:20,5
,15:10:55,4
,15:53:35,4
,16:38:05,5
,17:14:28,2
,17:59:25,5
,19:03:41,2
,20:16:31,2
1510,2019-05-16,
,10:07:49,5
,10:10:23,4
,11:18:21,3
,12:33:53,1
,12:56:54,6
,13:49:48,6
,15:31:38,6
,18:34:45,5
,19:20:31,3
,19:40:36,7
1514,2019-05-16,
,10:12:07,-3
,11:11:01,1
,12:11:58,3
,13:33:58,1
,13:48:44,1
,14:30:49,1
,15:58:05,-1
,16:40:17,-1
,17:26:51,0
,18:49:46,1
,19:36:41,0
,20:29:46,0
1504,2019-05-16,
,10:24:29,0
,11:27:05,1
,13:08:21,-2
,13:46:45,-6
,14:35:31,-5
,16:41:40,0
,17:40:12,-1
,19:28:23,0
,19:45:21,2
,20:26:42,-6
,21:12:05,0
1527,2019-05-16,
,10:28:39,3
,11:13:58,0
,12:53:45,-2
,15:33:46,2
,16:43:33,0
,18:04:59,3
,19:06:57,-1
,19:06:57,-1
,20:33:41,-1
,22:36:19,0
1522,2019-05-16,
,10:33:43,3
,11:39:26,1
,12:23:08,0
,14:25:50,2
,16:01:56,8
,16:39:33,2
,18:17:35,5
,19:39:27,4
,21:44:11,3
,23:19:33,4
1509,2019-05-16,
,10:37:53,-1
,11:20:04,-1
,12:02:33,2
,12:54:07,-4
,13:41:42,-2
,14:28:59,2
,20:50:24,-9
1515,2019-05-16,
,10:41:27,-2
,12:03:29,0
,12:44:16,0
,13:38:38,3
,14:26:16,-5
,17:17:43,-2
,19:06:30,-2
,19:39:49,-3
,20:24:56,4
,21:09:05,6
,22:01:19,1
,23:05:09,5
1520,2019-05-16,
,10:47:15,0
,13:01:01,1
,14:25:08,1
,16:34:17,2
,20:29:44,2
,22:45:54,2
1506,2019-05-16,
,10:52:17,-3
,12:11:45,5
,12:57:34,-3
,14:52:59,-3
,14:52:59,-3
,15:30:53,1
,16:09:58,6
,16:58:58,6
,17:23:11,9
,18:20:32,6
,20:32:50,6
,21:37:17,-2
,22:12:01,4
1521,2019-05-16,
,11:06:01,0
,11:30:01,-1
,12:05:40,-1
,12:52:54,-1
,14:26:48,0
,15:11:31,0
,16:42:40,0
,17:26:33,-1
,18:07:36,3
,18:50:28,1
,21:21:56,0
,21:56:34,-2
1505,2019-05-16,
,11:09:43,-4
,12:05:05,0
,13:23:31,-3
,13:39:20,-6
,15:11:03,-7
,15:57:06,-7
,17:30:43,-2
,18:12:18,3
,19:44:44,7
,20:29:47,6
,21:37:21,6
,22:19:34,6
1502,2019-05-16,
,11:19:31,4
,12:49:26,4
,13:31:07,4
,14:25:57,1
,15:10:31,2
,16:40:44,4
,18:50:48,2
,19:44:30,1
,20:31:56,3
,21:11:55,3
1507,2019-05-16,
,11:24:33,0
,12:48:56,-1
,13:41:05,-2
,14:26:28,-1
,16:13:50,0
,16:35:26,0
,17:28:20,-5
,18:12:34,-5
,19:13:07,-5
,19:42:52,-6
,20:26:23,-6
,21:11:57,-6
,21:59:42,-9
1525,2019-05-16,
,11:33:42,2
,12:35:33,6
,13:37:38,6
,16:40:18,4
,17:28:23,5
,18:58:37,3
,19:32:27,0
,20:23:45,2
1541,2019-05-16,
,11:34:49,-4
,12:37:28,-4
,13:38:22,2
,14:16:32,1
,14:22:18,-3
,16:37:16,5
,17:21:19,1
,17:48:34,4
,18:02:45,5
,18:55:51,7
,20:25:12,-9
,22:03:30,3
1511,2019-05-16,
,12:08:20,5
,13:03:07,0
,13:52:01,1
,14:28:52,-1
,15:12:06,3
,16:00:06,0
,17:13:44,4
,23:26:59,0
1516,2019-05-16,
,12:15:19,-5
,13:04:09,-5
,13:35:45,-1
,14:32:31,6
,14:32:31,6
,15:13:02,4
,15:58:53,5
,16:45:45,1
,18:18:10,5
,18:57:58,2
,19:43:42,0
,20:25:32,4
,20:25:32,4
,20:25:32,4
,21:16:47,1
,22:04:54,6
1513,2019-05-16,
,12:15:46,0
,13:01:28,0
,14:33:21,-2
,17:22:14,3
,18:05:17,3
1501,2019-05-16,
,12:17:02,0
,13:02:02,0
,13:46:27,-2
,14:28:19,1
,15:12:59,-1
,15:12:59,-1
,16:41:48,-1
,17:33:35,-2
,18:14:45,1
,20:01:06,0
,20:51:31,2
,21:54:02,0
1526,2019-05-16,
,12:51:16,-1
,13:40:37,-1
,14:20:40,-2
,15:53:38,3
,17:29:05,-1
,18:06:35,-1
,18:55:41,0
,20:24:33,3
,21:15:19,1
,21:57:28,5
,23:14:47,-4
1508,2019-05-16,
,12:53:57,2
,13:44:57,2
,15:43:15,4
,16:44:43,3
,19:01:38,7
,19:40:37,-1
,20:26:03,7
,21:10:22,0
1518,2019-05-16,
,14:05:08,-2
,14:31:26,-3
,15:12:21,0
,16:31:03,0
,18:20:51,2
,18:20:51,2
,19:00:50,1
,19:22:12,4
,19:42:30,-1
,21:19:13,1
,22:05:36,2
,22:51:52,2
1503,2019-05-16,
,16:41:52,1
,17:24:04,3
,20:27:22,2
1512,2019-05-16,
,17:38:15,-3
,18:06:48,2
,20:19:04,-1
,21:21:10,-2
1511,2019-05-17,
,0:13:14,2
,10:14:09,-4
,11:27:32,-4
,12:56:22,-4
,13:43:26,0
,14:17:26,-3
,15:05:01,-6
,15:53:45,-2
,17:06:21,-1
,17:25:35,0
,19:02:47,1
,19:49:43,0
,21:04:11,0
,21:35:28,1
,23:07:06,-4
1508,2019-05-17,
,0:21:09,7
,1:02:39,8
,9:44:58,-5
,23:29:27,6
1518,2019-05-17,
,0:35:32,3
,12:58:53,-3
,12:58:53,-3
,15:11:24,-3
,16:06:27,-1
,16:30:14,-4
,17:29:35,2
,18:50:40,3
,19:44:47,-2
,20:26:32,0
,21:14:41,0
1503,2019-05-17,
,1:25:48,1
,12:12:50,-1
,12:59:59,4
,13:44:42,3
,13:44:42,3
,14:27:58,1
,15:14:24,1
,15:54:49,2
,16:36:35,2
,18:56:56,2
,19:39:07,1
1509,2019-05-17,
,1:37:40,-2
,12:38:42,-1
,12:43:03,1
,13:30:41,2
,14:10:47,-2
,14:38:59,-5
,15:03:12,0
,15:55:43,-1
,16:40:37,-4
,17:57:49,1
,18:10:34,4
,18:53:48,3
,21:15:45,-2
1526,2019-05-17,
,10:01:26,-3
,11:23:03,-1
,12:03:39,-5
,15:23:34,0
,15:55:28,-3
,16:43:32,-3
,17:38:12,0
,18:13:30,-1
,19:43:41,1
,20:25:41,-1
,21:11:48,-3
1522,2019-05-17,
,10:01:34,1
,11:10:26,-3
,11:55:32,-7
,13:02:23,-7
,15:43:07,5
,17:56:50,-1
,19:13:17,1
,20:25:21,2
,21:21:10,-2
,22:27:42,2
1504,2019-05-17,
,10:04:10,2
,10:29:20,4
,12:36:33,5
,12:55:55,0
,14:34:22,1
,15:16:00,-3
,16:46:24,2
,18:24:24,0
,19:38:30,-9
,20:58:15,-9
,21:49:49,0
1521,2019-05-17,
,10:12:55,-1
,10:52:41,-1
,12:12:42,0
,13:02:31,0
,13:42:50,-3
,14:38:38,-4
,15:11:28,-1
,15:55:48,0
,17:01:09,1
,17:26:37,-1
,18:51:32,1
,19:37:50,1
,20:30:52,-3
,21:06:16,0
,21:45:41,-2
1523,2019-05-17,
,10:14:39,-3
,11:26:55,-3
,12:09:17,3
,12:53:17,-1
,12:53:49,1
,13:34:44,2
,14:25:16,4
,15:14:36,-1
,15:57:32,5
,17:28:35,-3
,18:56:50,5
,19:45:26,2
,20:27:19,-2
,21:07:50,1
1507,2019-05-17,
,10:15:45,-4
,10:15:45,-4
,10:59:28,-5
,11:54:29,0
,15:00:02,-6
,16:17:32,-6
,16:42:10,-6
,18:02:01,0
,19:13:46,1
,19:39:37,1
,21:01:01,0
,21:56:11,1
1514,2019-05-17,
,10:18:01,0
,10:56:29,0
,12:11:27,0
,12:57:33,-1
,14:01:23,0
,14:28:36,0
,15:09:26,-1
,15:55:55,0
,16:38:31,-1
,17:29:37,-1
,18:19:02,-1
,20:11:57,0
,21:24:05,-1
,22:30:26,0
1541,2019-05-17,
,10:21:31,-1
,11:06:16,-4
,12:05:16,-7
,12:56:50,-3
,13:32:27,-1
,14:16:49,-1
,15:08:25,2
,16:03:44,0
,16:37:52,1
,16:46:29,3
,17:25:21,-6
,18:08:17,-5
,18:08:48,-5
,19:00:28,-3
,19:46:56,4
,20:51:12,9
,21:11:25,3
,22:02:28,2
1512,2019-05-17,
,10:31:35,-3
,11:31:53,1
1510,2019-05-17,
,10:43:15,4
,11:31:45,4
,12:12:02,7
,12:57:20,4
,14:31:53,2
,15:14:19,3
,16:44:16,6
,17:31:05,4
,18:01:52,7
,18:35:48,7
,19:36:43,4
1502,2019-05-17,
,10:44:25,4
,12:11:17,2
,13:01:52,1
,14:30:45,4
,15:12:34,3
,15:55:38,3
,16:36:24,-3
,17:20:49,1
,19:00:41,0
,19:47:35,3
,21:15:51,4
,22:01:29,4
1525,2019-05-17,
,10:56:07,1
,11:34:59,2
,12:31:32,-3
,12:58:45,0
,13:58:26,4
,14:35:01,1
,15:14:11,-4
,15:44:01,1
,16:49:08,2
,17:26:30,4
,18:32:22,3
1505,2019-05-17,
,11:20:44,7
,12:18:29,8
,12:49:05,1
,13:25:22,6
,15:18:06,6
,15:53:20,7
,16:53:12,8
,18:09:19,8
,18:18:43,7
,18:48:16,5
1519,2019-05-17,
,11:50:08,-5
,12:14:12,-2
,12:55:33,-4
,13:45:52,0
,14:46:16,3
,16:01:45,-1
,16:45:35,1
,18:10:17,-5
,19:32:34,-6
,20:31:59,1
1501,2019-05-17,
,12:08:29,-2
,13:24:00,0
,14:32:17,1
,15:58:33,1
,16:56:31,0
,18:01:21,0
,19:14:23,1
,19:55:01,1
,19:55:01,1
,21:15:49,0
,21:59:31,0
,22:40:19,0
1516,2019-05-17,
,12:18:33,0
,12:55:24,3
,12:55:24,3
,13:44:13,0
,14:27:55,-5
,15:12:52,6
,15:12:52,6
,17:01:00,0
,17:29:51,5
,18:52:50,1
,20:35:40,5
,21:14:26,1
1506,2019-05-17,
,12:44:44,-3
,13:28:24,5
,14:38:50,4
,15:57:26,5
,15:57:26,5
,16:36:19,6
,18:31:58,6
,20:20:30,-1
,21:05:22,5
,22:00:29,5
1520,2019-05-17,
,12:44:54,1
,14:20:41,2
,16:41:22,1
,17:13:23,2
,17:38:02,2
,19:02:58,0
,20:31:15,1
,21:02:42,1
,21:39:33,3
1517,2019-05-17,
,13:15:24,0
,13:56:44,-1
,14:35:46,3
,15:15:11,3
,15:56:11,0
,16:35:26,4
,17:25:17,3
,18:27:59,2
,19:17:46,0
1527,2019-05-17,
,13:23:11,3
,13:47:07,-1
,14:28:34,1
,15:08:35,2
,15:58:51,3
,16:37:04,4
,17:17:49,1
,18:14:09,1
,19:03:03,2
,21:20:12,4
1515,2019-05-17,
,15:44:19,-4
,16:37:41,-2
,17:30:45,-4
,19:02:41,-2
,20:24:25,3
,21:07:44,4
,21:57:35,-1
,22:50:12,4
1541,2019-05-18,
,0:01:35,3
,12:58:33,3
,13:48:05,6
,14:26:45,6
,17:18:07,5
,17:25:15,7
,18:52:03,2
,19:18:22,1
,20:47:01,3
,20:59:34,2
,21:58:45,-1
,22:17:09,-2
1508,2019-05-18,
,0:09:51,7
,0:54:02,6
,18:08:42,7
,18:55:56,4
,19:42:35,4
,20:25:15,1
,21:11:30,6
,21:51:19,2
1515,2019-05-18,
,0:16:42,4
,0:58:12,5
,8:46:02,-5
,10:15:03,0
,11:18:08,3
,12:09:01,2
,17:06:51,3
,18:13:35,0
,19:41:51,2
,20:28:46,-1
,21:15:23,-6
,22:18:14,-4
,23:02:57,-1
1511,2019-05-18,
,0:46:28,-1
,10:10:28,-1
,10:50:31,-3
,12:24:09,-1
,15:09:49,-1
,17:23:02,2
,17:23:02,2
,20:58:14,-4
,21:56:01,0
,23:12:39,0
1503,2019-05-18,
,1:14:23,5
,10:37:31,-1
,11:17:42,-5
,12:58:55,-3
,12:58:55,-3
,15:13:42,-2
,16:42:43,3
,17:22:01,2
,18:12:36,3
,18:12:36,3
1519,2019-05-18,
,10:04:51,-1
,11:00:37,3
,12:15:09,3
,13:05:19,5
,14:25:16,5
,15:19:01,5
,16:43:21,2
,19:40:00,-1
,20:27:53,1
,21:11:27,-2
,21:52:40,-1
1507,2019-05-18,
,10:06:31,0
,11:24:00,0
,12:16:41,0
,13:00:52,0
,15:11:35,0
,17:48:30,0
,18:18:34,4
,18:57:45,1
,19:38:18,0
,20:27:28,0
,22:13:03,0
1523,2019-05-18,
,10:06:57,5
,11:20:40,3
,12:12:18,6
,13:03:13,0
,13:44:08,6
,14:29:50,6
,15:10:14,7
,15:58:31,3
,16:48:23,0
,17:26:32,4
,18:06:13,-3
,18:58:19,4
,19:47:04,5
,20:26:16,0
,20:26:42,0
,21:09:16,-5
1504,2019-05-18,
,10:09:29,5
,10:57:39,4
,11:18:09,4
,12:55:10,0
,13:49:54,9
,14:26:38,7
,16:11:45,0
,17:03:36,4
,18:56:33,5
,19:48:46,0
,21:53:14,2
1502,2019-05-18,
,10:11:26,4
,12:09:18,3
,12:46:27,3
,13:45:35,3
,15:06:07,3
,15:51:48,3
,17:32:23,4
,18:10:37,3
,19:00:47,3
,21:05:34,3
,21:55:36,3
1510,2019-05-18,
,10:13:35,5
,11:15:11,7
,11:57:08,9
,13:27:45,4
,13:29:37,6
,15:33:45,3
,15:52:14,4
,16:27:59,4
,17:15:29,4
,20:17:00,-1
,21:09:07,4
1501,2019-05-18,
,10:32:21,0
,11:16:33,0
,12:01:27,1
,13:54:24,-1
,15:12:57,-1
,15:12:57,-1
,15:52:21,-2
,16:49:28,-1
,17:57:39,-1
,18:49:15,2
,19:54:13,0
,20:49:47,0
1525,2019-05-18,
,10:33:04,0
,11:34:36,2
,12:16:04,4
,13:08:54,-1
,13:20:06,-4
,13:39:25,2
,14:30:28,5
,15:15:26,4
,15:54:02,3
,18:36:06,2
,19:29:54,-2
,20:29:16,1
,21:14:21,2
,22:17:34,4
1506,2019-05-18,
,10:34:58,4
,12:18:57,2
,12:46:56,-5
,15:06:14,8
,15:06:14,8
,15:06:14,8
,17:44:56,6
,17:44:56,6
,20:54:01,7
,21:51:47,6
,23:05:47,6
1516,2019-05-18,
,10:44:15,2
,11:33:36,3
,12:11:27,1
,12:57:28,0
,13:44:51,5
,15:59:12,5
,16:37:20,4
,18:11:35,-4
,18:57:55,-1
,19:44:20,0
,20:25:41,0
,21:11:26,-1
1521,2019-05-18,
,10:47:10,-1
,11:23:24,0
,13:02:42,4
,13:42:35,-1
,15:18:10,-2
,15:57:25,-1
,16:45:16,1
,17:24:23,4
,18:13:33,2
,18:58:15,-6
1520,2019-05-18,
,10:56:57,-4
,13:08:43,2
,15:32:26,1
,15:59:43,2
,17:25:22,1
,18:14:40,0
,18:51:12,2
,20:00:40,2
,22:11:18,-3
1526,2019-05-18,
,11:03:16,-6
,12:11:17,-2
,12:51:38,0
,14:27:40,0
,15:12:33,-1
,15:53:53,-4
,16:44:26,-5
,17:38:49,0
,18:09:45,-2
,18:52:46,-1
,18:52:46,-1
,19:44:34,3
,20:28:17,0
1514,2019-05-18,
,11:11:26,-2
,12:07:01,-2
,12:51:25,-1
,15:47:00,-5
,15:58:33,-4
,16:47:15,0
,17:28:35,0
,18:35:54,-1
,18:56:28,-4
,19:52:03,-1
1527,2019-05-18,
,11:52:15,3
,14:30:56,3
,16:24:09,3
,17:55:48,3
,18:20:50,2
,19:03:57,4
,19:41:33,4
,20:30:21,1
1522,2019-05-18,
,12:46:55,-1
,13:21:43,0
,14:43:38,-4
,15:07:23,-1
,16:32:20,3
,17:44:03,6
,18:13:28,7
,19:35:13,5
,20:57:15,1
,23:01:34,-3
1517,2019-05-18,
,13:39:53,-1
,14:29:20,-4
,15:12:59,-3
,16:12:16,-2
,16:54:07,1
,17:45:16,2
,18:26:14,0
,18:58:15,0
1509,2019-05-18,
,13:44:13,0
,14:08:43,1
,14:26:00,-2
,14:26:00,-2
,15:50:25,-2
,17:12:37,2
,20:41:59,1
,21:54:13,-5
,21:54:13,-5
,22:55:31,-3
,23:34:44,-4
1512,2019-05-18,
,13:51:12,0
,14:17:17,3
,19:18:33,3
,19:50:29,-2
1505,2019-05-18,
,14:30:15,7
,15:13:35,6
,15:45:46,4
,15:59:48,6
,16:54:14,6
,17:29:09,8
,18:20:31,6
,20:18:25,6
,20:28:42,6
,21:05:13,7
1518,2019-05-18,
,20:05:12,-2
,20:05:12,-2
,20:05:12,-2
,21:07:06,0
,21:07:06,0
,23:40:14,-6
1511,2019-05-19,
,0:06:44,0
,1:52:17,4
,12:46:18,1
,13:21:12,-1
,13:41:23,0
,14:23:51,-2
,15:22:21,-2
,15:59:28,-5
,16:34:56,0
,17:24:45,3
,18:57:02,3
,19:40:28,2
,21:58:53,1
,23:43:34,-2
1515,2019-05-19,
,1:08:08,1
,2:10:30,3
,3:05:20,-6
,12:17:35,-2
,13:10:35,-3
,13:57:11,3
,14:52:27,0
,15:46:07,-3
,16:53:33,-2
,17:26:34,1
,18:10:25,0
,19:03:48,-2
,20:07:33,1
,20:38:35,2
,21:23:34,1
1523,2019-05-19,
,2:31:58,3
,3:15:42,1
,3:58:37,6
,4:47:14,-3
,11:52:16,-1
,12:43:56,5
,13:43:56,5
,14:25:36,6
,16:03:39,0
,16:52:41,-3
,17:29:29,-4
,18:14:26,3
,18:55:35,3
,20:19:59,5
1508,2019-05-19,
,2:54:43,0
,4:27:33,1
,5:11:43,-1
,17:14:21,5
,18:51:40,3
1501,2019-05-19,
,9:26:41,-6
,10:31:49,-1
,11:08:12,-3
,12:07:54,-2
,12:54:24,-3
,13:42:43,-2
,14:43:28,-2
,16:02:28,-2
,16:47:06,-2
,18:06:57,0
,18:53:51,-3
1522,2019-05-19,
,9:57:23,4
,10:48:36,4
,11:36:53,3
,13:46:59,3
,14:30:34,3
,15:14:14,5
,16:04:32,1
,18:37:26,1
,19:38:38,2
,20:24:31,1
,21:13:45,1
,21:59:03,1
1510,2019-05-19,
,10:11:22,5
,10:53:44,2
,11:36:11,7
,12:52:33,4
,13:39:34,5
,14:27:06,6
,16:14:24,5
,16:30:53,6
,17:39:04,8
,18:03:40,1
,21:57:21,4
1519,2019-05-19,
,10:12:58,0
,12:18:20,-3
,13:11:25,2
,13:47:08,4
,16:30:31,6
,16:48:16,3
,18:17:10,1
,19:21:49,-2
,20:24:08,3
1525,2019-05-19,
,10:18:43,3
,11:55:29,4
,13:18:37,5
,14:54:31,4
,16:17:12,5
,16:48:18,1
,17:27:38,5
,18:07:10,4
,18:50:50,1
,19:44:14,3
,20:26:21,-3
,21:07:00,2
,21:50:38,1
1506,2019-05-19,
,10:21:03,7
,10:59:40,4
,12:10:55,5
,14:56:28,0
,15:23:43,4
,15:59:44,4
,18:22:03,4
,18:22:03,4
,18:22:03,4
,20:21:55,7
,20:21:55,7
,21:56:22,6
1504,2019-05-19,
,10:51:03,5
,11:51:49,4
,12:54:02,0
,13:56:16,-1
,14:37:31,-2
,15:52:42,4
,16:47:15,2
,17:30:36,1
,18:17:16,-2
,18:58:56,0
1512,2019-05-19,
,11:05:10,-1
,14:01:37,4
,22:19:08,-5
1507,2019-05-19,
,11:07:41,2
,12:11:35,2
,12:56:21,-2
,14:29:24,0
,15:11:08,-2
,15:11:08,-2
,16:42:58,1
,18:12:36,-9
,18:53:38,-6
,20:30:54,1
,21:16:36,-3
1514,2019-05-19,
,11:16:32,-2
,11:59:07,2
,12:39:39,-1
,13:40:11,-2
,15:49:11,0
,17:24:57,0
,19:09:26,0
,20:33:44,3
,21:23:35,1
,22:05:25,0
1517,2019-05-19,
,11:18:16,2
,12:16:24,4
,13:21:05,-1
,14:01:38,0
,14:01:39,0
,14:43:20,-1
,15:09:28,-3
,15:58:24,-1
,16:57:35,0
,17:41:07,-2
,21:49:47,0
,22:40:15,-3
,23:59:00,0
1521,2019-05-19,
,11:26:19,6
,12:07:47,6
,12:55:59,1
,13:42:40,1
,13:59:46,2
,14:27:46,1
,15:14:39,3
,15:59:34,3
,17:32:49,-2
,19:03:37,4
,20:12:44,-4
,20:24:22,-4
,22:04:26,-4
1520,2019-05-19,
,11:39:35,-3
,12:39:37,-3
,14:05:25,2
,14:47:52,1
,15:38:17,2
,18:47:55,3
,20:32:00,1
,20:56:06,1
,22:16:23,2
1502,2019-05-19,
,11:51:28,-1
,12:30:16,2
,13:30:39,3
,14:10:36,2
,15:56:28,1
,16:40:58,2
,18:10:38,2
,19:00:42,2
,19:41:17,2
,20:32:08,1
1509,2019-05-19,
,11:56:38,0
,12:33:21,3
,13:09:33,0
,14:14:33,2
,14:30:09,2
,14:30:10,2
,15:17:18,2
,17:08:28,0
,17:54:17,-4
,21:13:53,1
,21:38:31,0
,21:53:19,0
1516,2019-05-19,
,12:07:47,1
,14:19:21,5
,14:26:23,-1
,15:12:53,-1
,15:12:53,-1
,16:39:27,3
,18:20:47,0
,19:44:52,1
,20:31:59,-1
,20:31:59,-1
,21:23:04,2
,22:04:45,-5
1541,2019-05-19,
,12:19:59,2
,13:38:12,3
,14:32:00,3
,15:13:46,5
,15:58:40,2
,16:41:41,4
,17:27:44,4
,18:05:25,3
,18:55:50,-1
,18:57:40,-1
,19:42:32,-1
,20:32:08,2
,21:10:00,-3
,22:53:26,8
1527,2019-05-19,
,12:54:38,6
,12:54:38,6
,12:54:38,6
,12:54:38,6
,14:30:14,4
,14:30:14,4
,14:30:14,4
,15:10:53,3
,15:10:53,3
,17:36:37,4
,18:12:40,1
,18:46:12,3
,22:26:31,1
,22:26:31,1
1503,2019-05-19,
,12:57:47,2
,13:47:14,-3
,14:30:10,0
,15:14:28,2
,16:38:19,0
,19:02:37,3
,19:40:21,2
1505,2019-05-19,
,13:07:54,7
,13:40:29,4
,14:20:30,8
,15:14:12,8
,16:19:51,7
,17:41:01,4
,18:10:53,6
,18:51:36,7
,20:41:44,4
,21:26:48,-4
,21:54:49,-1
,21:59:12,0
1526,2019-05-19,
,13:52:05,1
,14:26:48,-1
,15:10:42,-5
,15:56:30,0
,17:23:30,-2
,18:05:21,1
,18:59:27,3
,20:26:50,-1
,21:08:32,-5
,21:55:26,-2
1508,2019-05-20,
,0:08:48,6
,0:54:31,3
,1:55:01,4
,2:32:54,6
,3:25:44,0
,4:20:43,-2
,5:30:15,-6
,6:15:02,5
,10:12:19,4
,11:08:41,4
,19:00:15,6
,19:33:14,1
,20:29:15,4
,22:01:38,7
,23:41:24,0
1516,2019-05-20,
,0:37:24,-5
,10:38:18,0
,11:52:53,-2
,12:19:42,2
,12:19:42,2
,13:50:22,-2
,13:50:22,-2
,14:27:07,-2
,14:27:07,-2
,16:04:59,0
,17:35:34,2
,18:18:40,0
,19:09:24,4
,19:51:53,-2
,20:22:35,-4
,21:02:55,-4
,21:02:55,-4
,21:58:50,2
,21:58:50,2
,21:58:50,2
1501,2019-05-20,
,9:06:47,-3
,10:00:38,-3
,10:42:23,-4
,12:12:10,-3
,12:58:11,0
,13:44:34,-1
,13:44:34,-1
,14:20:13,-2
,15:20:15,1
,15:52:41,0
,16:42:22,-1
,17:32:08,0
,19:42:04,-3
,20:27:29,-3
,21:12:00,-3
,21:51:21,-2
1505,2019-05-20,
,9:19:35,-2
,10:36:15,-1
,11:08:09,1
,11:29:39,-2
,12:13:33,6
,12:58:39,3
,14:22:39,-2
,14:51:41,2
,16:16:24,4
,16:35:24,-5
1520,2019-05-20,
,9:41:40,2
,10:28:01,3
,10:28:01,3
,10:28:01,3
,12:07:00,3
,12:07:00,3
,13:59:53,1
,14:17:02,-3
,15:06:07,2
,18:35:01,2
,19:27:41,2
,19:51:47,1
,20:30:01,2
1514,2019-05-20,
,9:55:06,0
,10:38:03,0
,11:07:38,-2
,12:52:55,0
,13:36:40,-1
,15:17:30,-3
,16:43:15,-1
,18:31:03,-1
,20:26:57,0
,21:21:18,-1
,21:59:37,0
1525,2019-05-20,
,10:02:08,-3
,10:50:26,-4
,11:41:44,-2
,12:51:40,-2
,13:45:59,3
,14:33:02,2
,16:03:49,4
,16:46:45,4
,19:57:02,0
,20:35:51,1
,21:18:47,1
,22:25:08,4
1512,2019-05-20,
,10:08:57,2
1523,2019-05-20,
,10:09:07,2
,11:08:22,-4
,12:01:18,5
,12:56:18,4
,13:38:16,6
,13:38:33,4
,14:18:49,1
,15:00:13,4
,15:00:32,3
,15:56:20,3
,15:56:34,3
,16:39:20,5
,17:28:52,2
,20:43:51,-2
1522,2019-05-20,
,10:12:04,-3
,10:46:07,-3
,11:55:16,-3
,14:03:42,2
,15:43:04,-1
,16:21:48,-1
,17:26:46,0
,18:16:22,5
,19:03:54,2
,21:13:57,5
1504,2019-05-20,
,10:16:29,1
,11:12:31,-2
,11:12:31,-2
,13:41:59,0
,14:30:38,-1
,15:22:51,-6
,17:37:02,-9
,18:31:32,0
,19:42:15,-7
,19:54:05,-3
,21:09:13,2
1541,2019-05-20,
,10:20:37,-2
,10:36:53,3
,11:14:35,3
,11:56:26,-2
,12:52:33,0
,13:39:42,4
,14:20:12,1
,15:06:37,5
,15:53:50,0
,17:35:44,1
,18:06:49,5
,19:14:47,3
,19:34:18,5
,20:16:22,6
,20:56:53,8
,21:58:33,6
1503,2019-05-20,
,10:27:38,-2
,11:27:19,0
,12:10:58,0
,13:01:04,-1
,14:29:43,2
,15:13:09,2
,15:53:57,0
,16:37:56,1
,17:33:01,-3
,18:13:54,-2
,19:42:37,2
,20:29:57,-1
1502,2019-05-20,
,10:30:29,2
,10:30:30,2
,11:26:33,1
,12:15:39,3
,12:57:13,1
,13:39:33,0
,14:26:24,-6
,15:12:44,1
,16:41:43,-2
,18:10:27,2
,19:00:23,2
,19:43:36,2
,22:00:23,0
1507,2019-05-20,
,10:37:29,-3
,11:22:02,0
,12:03:42,-4
,12:55:22,0
,13:38:28,0
,15:40:04,1
,16:46:39,-6
,17:32:37,-3
,18:14:58,1
,21:13:59,0
1526,2019-05-20,
,10:50:48,4
,11:34:28,2
,12:09:27,-1
,14:29:28,0
,15:56:31,-1
,16:45:14,-6
,17:45:13,2
1521,2019-05-20,
,10:52:42,-1
,12:01:55,1
,12:37:26,1
,13:30:40,1
,14:21:48,-5
,16:41:45,3
,17:32:46,-3
,18:14:09,-1
,18:58:01,-1
,19:51:25,3
,20:32:29,-3
,21:09:16,-2
1517,2019-05-20,
,10:57:55,-3
,11:40:44,-3
,12:28:50,0
,13:25:50,-1
,14:36:43,-4
,15:16:44,-3
,20:02:08,0
,21:27:20,-1
,22:13:01,-1
,22:57:19,-5
,23:53:38,-3
1510,2019-05-20,
,11:09:00,3
,12:04:25,7
,13:18:07,4
,13:47:40,5
,14:31:54,5
,15:11:37,7
,16:40:05,4
,17:31:53,5
,18:04:29,4
,19:04:21,8
1506,2019-05-20,
,11:11:25,2
,12:01:05,0
,14:15:14,3
,16:55:42,7
,16:55:42,7
,16:55:42,7
,18:18:01,8
,18:18:01,8
,19:17:33,5
,21:11:50,6
,22:01:55,8
,22:57:26,6
1511,2019-05-20,
,11:19:36,-1
,12:08:10,-3
,12:08:10,-3
,12:23:41,-3
,12:59:05,1
,13:44:46,-2
,16:02:52,-2
,16:42:37,0
,17:29:09,1
,18:07:35,1
,19:42:35,4
,20:25:30,0
,21:04:33,0
,21:54:02,1
1519,2019-05-20,
,11:23:46,-4
,12:01:59,-2
,12:41:58,-3
,13:31:22,-5
,14:57:13,-4
,15:33:24,-3
,16:35:12,-1
,17:25:19,-2
,17:55:56,0
,18:54:52,-3
,21:12:59,-7
1509,2019-05-20,
,11:57:17,-2
,14:28:28,-1
,15:13:54,-3
,15:46:30,-6
,17:03:24,0
,17:24:34,-3
,17:49:24,-1
,18:48:23,-3
,19:47:02,0
,20:23:56,-1
,22:52:52,0
,23:43:37,-2
1527,2019-05-20,
,12:04:16,-2
,13:48:29,-1
,14:35:05,2
,16:37:36,4
,17:36:48,3
,19:05:12,4
,19:05:12,4
,19:50:51,2
,21:17:20,0
,21:57:15,-2
1518,2019-05-20,
,13:34:20,-2
,13:34:20,-2
,13:34:20,-2
,13:34:20,-2
,13:34:20,-2
,13:34:20,-2
,13:34:20,-2
,13:34:20,-2
,13:34:20,-2
,15:08:25,-4
,15:08:25,-4
,15:08:25,-4
,15:08:25,-4
,15:08:25,-4
,15:08:25,-4
,15:08:25,-4
,15:08:25,-4
,17:35:33,0
,17:35:33,0
,17:35:33,0
,17:35:33,0
,17:35:33,0
,17:35:33,0
,17:35:33,0
,18:24:47,0
,18:24:47,0
,18:24:47,0
,18:24:47,0
,18:24:47,0
,18:24:47,0
,19:15:16,0
,19:15:16,0
,19:15:16,0
,19:15:16,0
,19:15:16,0
,21:47:27,-3
,21:47:27,-3
,21:47:27,-3
,21:47:27,-3
,23:04:17,0
,23:04:17,0
,23:04:17,0
1518,2019-05-21,
,0:09:31,-2
,0:09:31,-2
,10:34:52,-2
,11:19:22,1
,14:25:45,-1
,14:47:22,-1
,15:03:16,0
,15:59:41,-1
,16:36:21,-2
,18:11:54,0
,21:02:40,0
,21:02:40,0
,21:02:40,0
1508,2019-05-21,
,1:15:27,4
,2:14:27,5
,2:57:44,0
,3:49:18,2
,6:55:32,-2
,11:07:42,1
,12:06:21,6
,13:25:02,2
,13:38:28,-3
,15:46:56,2
,16:43:24,1
,17:25:44,6
,18:53:14,6
1517,2019-05-21,
,9:39:10,-4
,10:27:32,-4
,11:44:28,-2
,12:31:51,-1
,14:08:45,-1
,14:46:25,1
,15:46:53,-2
,18:05:48,1
,19:17:19,3
,20:13:29,0
,20:54:21,-1
1522,2019-05-21,
,9:54:49,0
,11:04:23,-5
,11:56:21,-3
,12:41:10,-3
,13:40:15,-2
,14:33:49,-2
,15:14:24,-5
,16:08:54,-6
,18:25:20,1
,19:03:19,-3
,19:48:06,-6
,21:19:38,-6
,21:56:14,-5
1519,2019-05-21,
,10:02:19,-2
,11:56:06,0
,12:57:59,-1
,14:24:17,-4
,15:20:16,-3
,16:30:42,1
,17:28:13,1
,18:03:36,3
,18:56:13,5
,19:33:48,2
,20:11:15,1
,21:22:05,5
1502,2019-05-21,
,10:03:44,1
,10:56:30,2
,14:20:34,2
,15:56:11,-1
,16:37:25,-2
,17:25:37,2
,19:00:38,-2
,20:31:52,-7
,21:15:59,-6
1501,2019-05-21,
,10:08:19,-3
,10:54:11,-1
,11:36:32,-3
,13:00:28,-3
,13:42:19,-3
,14:19:20,0
,14:55:07,-1
,16:38:16,1
,17:38:45,-2
,18:04:11,0
,18:56:36,1
,19:42:06,-3
,20:32:52,-2
,21:15:57,-4
1510,2019-05-21,
,10:15:35,6
,12:54:02,6
,13:38:31,6
,14:27:59,5
,16:20:46,5
,16:43:08,7
,17:48:38,8
,18:25:31,3
,19:14:08,4
,19:49:02,2
1514,2019-05-21,
,10:18:17,0
,11:09:24,-1
,12:11:00,-1
,13:10:25,-1
,14:27:57,-1
,15:13:10,-5
,15:53:31,-4
,16:41:32,-5
,17:25:17,-2
,18:59:08,-1
,19:47:20,-2
,20:25:29,0
1516,2019-05-21,
,10:18:51,5
,11:32:25,-1
,13:02:37,1
,13:33:48,-4
,13:41:22,-5
,13:41:22,-5
,14:46:30,-1
,14:46:30,-1
,16:00:09,-4
,17:28:50,-4
,18:12:55,-4
,18:12:55,-4
,19:06:01,-2
,19:06:01,-2
,19:47:54,0
,19:47:54,0
,19:47:54,0
,21:09:26,0
1503,2019-05-21,
,10:26:36,-1
,11:20:29,-1
,12:13:17,2
,12:51:56,3
,14:21:43,1
,15:48:14,1
,15:48:14,1
,17:20:54,2
,20:30:51,1
,22:00:58,2
1505,2019-05-21,
,10:34:58,6
,11:15:06,6
,12:06:59,-6
,12:55:41,-2
,13:44:07,-3
,14:33:43,-2
,15:59:30,-1
,16:25:37,-4
,16:42:17,1
,17:25:20,6
,19:08:12,-7
1511,2019-05-21,
,10:36:01,1
,11:35:26,-2
,12:17:01,-1
,12:47:49,-1
,13:46:41,-1
,15:15:29,-2
,16:41:33,1
,19:37:46,-1
,21:13:10,0
,21:51:01,0
1509,2019-05-21,
,10:56:06,-1
,11:27:23,0
,12:08:53,-1
,12:57:47,0
,18:09:04,-1
,19:56:53,-2
,21:45:17,-2
1504,2019-05-21,
,10:56:49,2
,12:19:20,0
,13:45:47,-8
,14:31:01,-2
,15:18:15,-2
,15:18:15,-2
,16:02:04,-5
,16:45:36,2
,17:24:29,0
,17:24:29,0
,18:16:35,0
,18:56:29,1
,20:26:22,5
1525,2019-05-21,
,11:03:51,2
,11:43:31,2
,12:59:59,3
,13:43:55,3
,14:21:34,0
,15:15:24,2
,15:59:28,0
,17:22:48,3
,17:31:41,4
,18:07:51,2
,19:03:09,2
,20:54:57,-4
,21:49:11,1
1512,2019-05-21,
,11:04:26,-1
,12:49:29,0
1506,2019-05-21,
,11:04:57,3
,12:10:56,-3
,13:01:45,-2
,14:07:07,6
,16:17:28,-7
,16:35:15,-7
,18:19:35,-7
,20:19:34,1
,21:15:17,4
,22:02:05,4
,22:34:20,5
,23:15:31,6
1523,2019-05-21,
,11:08:21,-3
,11:08:42,-3
,12:03:03,4
,12:56:53,3
,13:44:21,3
,14:30:27,5
,15:11:03,5
,16:48:22,-6
,17:35:32,3
,18:16:35,4
,18:57:23,3
,19:44:17,5
,20:27:48,0
,21:16:00,-1
1515,2019-05-21,
,11:15:21,1
,12:10:45,-2
,12:55:10,0
,13:38:17,-2
,14:24:20,4
,15:08:18,2
,15:51:16,3
,16:38:22,3
,17:56:35,-5
,19:14:04,2
,20:46:56,0
,21:42:25,4
,22:36:36,5
1521,2019-05-21,
,11:26:50,4
,12:09:21,3
,13:02:47,2
,13:42:20,0
,14:27:14,4
,15:07:33,5
,15:52:51,4
,16:37:40,-4
,17:27:25,-3
,18:15:16,-2
,18:57:26,3
,19:49:34,0
,21:22:17,-4
1527,2019-05-21,
,11:59:23,-1
,12:43:33,2
,13:38:38,4
,14:26:53,2
,16:44:25,1
,18:59:06,2
,20:04:16,2
,20:04:17,2
1507,2019-05-21,
,13:19:03,0
,13:20:09,0
,13:39:51,0
,14:30:45,0
,15:13:32,0
,16:00:09,1
,17:55:51,0
,19:47:12,0
,19:47:12,0
,20:18:06,-1
,21:15:57,0
,21:52:26,1
1541,2019-05-21,
,14:25:24,-4
,15:13:28,-1
,15:58:26,-2
,16:41:59,2
,17:32:22,4
,18:18:10,3
,18:57:20,0
,19:43:13,1
,21:13:20,7
,21:56:22,4
1526,2019-05-21,
,14:26:22,-1
,15:07:27,1
,15:49:14,0
,16:38:46,1
,17:25:57,0
,18:17:39,2
,20:14:01,2
,21:12:51,2
,22:05:08,2
,23:43:51,3
1520,2019-05-21,
,14:55:21,2
,15:57:52,0
,16:30:19,2
,18:27:27,-1
,22:35:40,0
1515,2019-05-22,
,0:23:55,-2
,2:46:21,5
,14:25:19,-4
,16:04:49,-6
,16:35:17,-6
,18:34:00,-8
,19:49:59,-9
,20:28:09,-5
,21:08:46,0
,21:59:29,0
,22:38:06,0
,23:41:51,-3
1526,2019-05-22,
,0:30:42,-2
,1:11:02,0
,1:52:36,0
,10:25:28,0
,11:51:42,2
,12:54:24,0
,14:21:34,0
,15:08:40,1
,15:55:21,0
,17:37:07,-1
,18:08:40,0
,18:55:55,-1
,19:37:22,-2
,20:40:35,3
,21:14:06,1
,21:58:33,2
,23:28:09,0
1501,2019-05-22,
,9:05:42,-3
,10:13:15,0
,11:46:57,2
,12:54:37,0
,13:38:07,-1
,14:17:18,-2
,15:04:19,1
,15:44:12,-1
,17:26:19,1
,18:16:43,-2
,18:59:58,-2
,19:44:01,0
1512,2019-05-22,
,9:09:56,-2
,10:14:55,-1
,11:11:17,-1
,12:53:35,1
,15:40:55,4
1520,2019-05-22,
,10:03:46,-2
,11:08:13,2
,11:54:39,2
,12:41:32,2
,15:09:39,3
,17:47:27,2
,18:30:42,3
,20:02:12,3
,21:48:11,3
1502,2019-05-22,
,10:06:18,1
,11:57:16,-4
,12:40:21,4
,13:32:26,2
,15:59:06,1
,16:46:21,1
,20:32:01,2
,21:13:43,-2
1519,2019-05-22,
,10:08:15,0
,11:03:55,-2
,12:49:41,-1
,14:28:26,-3
,15:16:26,-6
,16:52:47,-7
,18:18:08,-7
,19:41:22,-5
,20:23:47,-1
,21:39:37,-2
1510,2019-05-22,
,10:11:14,0
,11:08:20,2
,12:06:08,3
,12:40:10,3
,13:31:48,5
,14:56:31,5
,15:33:55,2
,16:31:05,3
,17:45:06,4
,20:08:50,2
1522,2019-05-22,
,10:17:09,2
,10:53:19,-2
,11:44:30,-4
,13:08:21,-1
,13:49:30,-7
,14:36:02,-7
,16:01:35,-8
,21:37:50,-9
,22:14:56,-3
1514,2019-05-22,
,10:18:08,2
,11:41:03,-2
,12:11:55,-2
,12:57:21,0
,15:03:32,-5
,16:44:42,-1
,17:23:31,0
,18:12:57,-1
,18:48:34,0
,19:29:36,-2
1541,2019-05-22,
,10:19:26,-3
,11:07:07,-4
,11:51:11,5
,12:47:42,-1
,14:18:30,5
,15:12:20,-3
,17:31:46,3
,18:11:43,-8
,18:57:11,1
,19:43:25,6
,21:19:44,4
,21:52:00,1
,22:23:55,5
,22:58:19,7
1523,2019-05-22,
,10:21:20,-1
,11:02:16,3
,12:04:16,4
,12:51:51,4
,13:37:23,2
,14:31:04,1
,15:09:20,2
,15:50:35,1
,15:50:37,1
,16:36:15,4
,17:21:17,3
,18:13:03,5
,18:13:17,5
,19:04:31,4
,19:46:18,4
,20:28:18,2
,21:05:33,3
1503,2019-05-22,
,10:27:15,-3
,11:30:56,-3
,12:57:43,0
,12:57:43,0
,13:35:19,0
,15:08:08,1
,15:58:56,-2
,18:55:14,1
,19:42:42,2
,20:27:59,-3
,21:16:43,-2
1511,2019-05-22,
,10:27:27,2
,11:13:00,-2
,12:16:30,1
,12:58:14,1
,14:31:09,0
,16:02:38,-1
,16:40:14,-1
,17:37:13,1
,18:09:50,2
,18:56:25,1
,19:47:55,2
,21:08:00,-1
,22:01:32,0
1516,2019-05-22,
,10:38:29,-1
,11:19:21,-3
,11:49:46,-2
,11:49:46,-2
,12:11:44,-1
,15:40:18,6
,15:56:20,7
,18:13:41,4
,19:00:20,5
,19:47:56,2
,20:29:18,3
,21:38:55,4
,21:58:36,5
,23:09:16,-2
,23:09:16,-2
1521,2019-05-22,
,10:41:33,1
,11:31:10,-2
,12:17:50,4
,13:00:09,4
,13:38:25,4
,16:43:27,4
,17:19:48,4
,18:10:08,4
,18:50:31,4
,21:07:42,2
,21:30:58,3
1504,2019-05-22,
,10:42:44,-3
,12:15:12,-2
,15:16:43,-3
,16:00:20,0
,16:41:23,0
,16:41:23,0
,17:23:30,-2
,18:16:53,2
,18:59:39,2
,19:51:25,-2
,22:02:03,3
1525,2019-05-22,
,10:46:22,0
,11:46:05,0
,12:51:55,2
,13:34:47,3
,14:30:25,4
,16:18:25,-1
,17:34:31,0
,19:31:05,3
,20:30:07,2
,21:14:40,1
,21:55:33,-1
,22:36:48,-3
1517,2019-05-22,
,10:49:36,-3
,11:39:20,-3
,12:57:05,2
,13:31:32,-2
,14:31:05,-1
,15:07:29,0
,16:38:35,-1
,18:14:11,-2
,18:53:33,-2
,19:42:37,-2
,21:13:45,0
,21:57:49,4
1507,2019-05-22,
,11:10:15,1
,11:10:15,1
,13:00:37,-1
,13:46:50,-3
,15:21:06,0
,16:42:46,0
,17:23:27,-1
,18:55:43,2
,19:46:04,1
,20:30:55,0
,21:17:56,0
,23:20:26,1
,23:20:26,1
1506,2019-05-22,
,11:37:18,8
,12:02:06,8
,12:52:16,3
,13:36:48,4
,14:28:46,6
,15:54:20,7
,17:28:32,8
,17:28:32,8
,18:16:22,8
,20:09:39,7
,21:40:13,8
,21:40:13,8
,21:56:14,7
1527,2019-05-22,
,12:10:07,2
,13:01:27,4
,13:38:13,1
,15:44:25,1
,16:37:37,2
,17:26:26,2
,19:33:49,2
,21:40:27,3
,22:29:49,3
1508,2019-05-22,
,12:59:23,8
,14:24:21,5
,15:55:15,6
,16:39:30,6
,17:21:51,7
,18:11:31,8
,18:51:50,7
,19:35:48,1
,21:53:27,4
,22:17:39,3
1509,2019-05-22,
,13:35:56,0
,14:24:18,0
,15:11:47,-1
,18:11:33,-1
,18:59:17,-1
,20:21:43,-2
,21:08:25,-1
,21:49:50,-2
1505,2019-05-22,
,15:58:20,9
,16:44:23,0
,17:24:09,-1
,18:06:18,7
,19:02:09,9
,19:57:29,-2
,20:24:12,-5
,21:07:04,-5
,21:14:53,-6
,21:55:18,-4
1518,2019-05-22,
,16:21:02,-6
,16:21:02,-6
,16:39:19,-2
,17:29:28,-1
,18:13:26,-2
,18:54:50,-2
1516,2019-05-23,
,0:31:37,4
1515,2019-05-23,
,0:56:14,-1
,1:55:38,-2
1526,2019-05-23,
,1:31:35,3
,2:14:06,-1
1541,2019-05-23,
,10:30:44,-1
,11:27:08,-4
,12:09:05,-6
,13:02:17,-1
,13:44:17,2
,14:33:07,3
,15:18:51,-4
,16:01:20,0
,16:47:21,-3
1503,2019-05-23,
,11:22:38,2
